,Completed
720575940596125868,True
720575940599763910,True
720575940600646173,True
720575940601598892,True
720575940602353632,True
720575940602564320,True
720575940602815200,True
720575940602917088,True
720575940603032748,True
720575940603123936,True
720575940603215532,True
720575940603295200,True
720575940603365980,True
720575940603397088,True
720575940603452384,True
720575940603487456,True
720575940603514141,True
720575940603552736,True
720575940603591014,True
720575940603636913,True
720575940603676774,True
720575940603714272,True
720575940603744992,True
720575940603773798,True
720575940603814060,True
720575940603842476,True
720575940603873452,True
720575940603893280,True
720575940603923116,True
720575940603942944,True
720575940603964774,True
720575940604007392,True
720575940604023724,True
720575940604058540,True
720575940604087230,True
720575940604106272,True
720575940604131296,True
720575940604167712,True
720575940604195360,True
720575940604218028,True
720575940604247985,True
720575940604274534,True
720575940604304561,True
720575940604337696,True
720575940604372070,True
720575940604402092,True
720575940604418988,True
720575940604435814,True
720575940604455340,True
720575940604474028,True
720575940604486880,True
720575940604504748,True
720575940604521440,True
720575940604544358,True
720575940604567486,True
720575940604589856,True
720575940604609504,True
720575940604624574,True
720575940604635616,True
720575940604650174,True
720575940604663520,True
720575940604684209,True
720575940604699825,True
720575940604712688,True
720575940604722622,True
720575940604734641,True
720575940604747953,True
720575940604763360,True
720575940604782624,True
720575940604804798,True
720575940604810976,True
720575940604820140,True
720575940604830432,True
720575940604839200,True
720575940604861356,True
720575940604876977,True
720575940604889278,True
720575940604898150,True
720575940604909246,True
720575940604924896,True
720575940604934572,True
720575940604943394,True
720575940604957920,True
720575940604965548,True
720575940604973856,True
720575940604986592,True
720575940604996524,True
720575940605007550,True
720575940605019057,True
720575940605029036,True
720575940605038182,True
720575940605051052,True
720575940605068576,True
720575940605076401,True
720575940605095346,True
720575940605106110,True
720575940605114848,True
720575940605125152,True
720575940605142118,True
720575940605156064,True
720575940605165228,True
720575940605179360,True
720575940605187970,True
720575940605197158,True
720575940605213100,True
720575940605226156,True
720575940605244704,True
720575940605255042,True
720575940605269378,True
720575940605280201,True
720575940605287881,True
720575940605293698,True
720575940605307582,True
720575940605318880,True
720575940605332652,True
720575940605345410,True
720575940605360817,True
720575940605370033,True
720575940605380268,True
720575940605389740,True
720575940605397182,True
720575940605405408,True
720575940605413385,True
720575940605422560,True
720575940605431840,True
720575940605442220,True
720575940605452064,True
720575940605465888,True
720575940605478846,True
720575940605491302,True
720575940605501641,True
720575940605520062,True
720575940605531593,True
720575940605540030,True
720575940605548902,True
720575940605558402,True
720575940605571040,True
720575940605587558,True
720575940605599678,True
720575940605610784,True
720575940605621024,True
720575940605630850,True
720575940605636896,True
720575940605644716,True
720575940605651302,True
720575940605659872,True
720575940605666732,True
720575940605674249,True
720575940605680817,True
720575940605686374,True
720575940605694752,True
720575940605702590,True
720575940605706784,True
720575940605717792,True
720575940605726385,True
720575940605738272,True
720575940605747633,True
720575940605757356,True
720575940605763942,True
720575940605774182,True
720575940605781932,True
720575940605790594,True
720575940605797222,True
720575940605805600,True
720575940605810464,True
720575940605817522,True
720575940605824684,True
720575940605829804,True
720575940605836204,True
720575940605842400,True
720575940605845984,True
720575940605853542,True
720575940605861804,True
720575940605871974,True
720575940605880497,True
720575940605886240,True
720575940605891040,True
720575940605897900,True
720575940605907586,True
720575940605916081,True
720575940605926112,True
720575940605934014,True
720575940605940000,True
720575940605950496,True
720575940605961830,True
720575940605973438,True
720575940605981886,True
720575940605988017,True
720575940605996209,True
720575940606004396,True
720575940606013356,True
720575940606019312,True
720575940606028210,True
720575940606039241,True
720575940606046892,True
720575940606052706,True
720575940606058924,True
720575940606069937,True
720575940606081196,True
720575940606091622,True
720575940606099586,True
720575940606108862,True
720575940606115942,True
720575940606123954,True
720575940606130720,True
720575940606139680,True
720575940606144684,True
720575940606158257,True
720575940606166886,True
720575940606173630,True
720575940606182758,True
720575940606197193,True
720575940606202814,True
720575940606216905,True
720575940606224318,True
720575940606236448,True
720575940606246334,True
720575940606260402,True
720575940606269617,True
720575940606279782,True
720575940606296497,True
720575940606307262,True
720575940606319648,True
720575940606332629,True
720575940606340286,True
720575940606352050,True
720575940606367422,True
720575940606380390,True
720575940606392497,True
720575940606401982,True
720575940606412771,True
720575940606421001,True
720575940606429206,True
720575940606437990,True
720575940606448318,True
720575940606454108,True
720575940606462240,True
720575940606472881,True
720575940606481929,True
720575940606489521,True
720575940606499017,True
720575940606508674,True
720575940606517950,True
720575940606524337,True
720575940606533321,True
720575940606539552,True
720575940606549961,True
720575940606558822,True
720575940606568126,True
720575940606576305,True
720575940606584352,True
720575940606595430,True
720575940606601417,True
720575940606611977,True
720575940606617557,True
720575940606625982,True
720575940606628896,True
720575940606635186,True
720575940606640742,True
720575940606646962,True
720575940606653374,True
720575940606661920,True
720575940606666953,True
720575940606675646,True
720575940606681099,True
720575940606684593,True
720575940606693297,True
720575940606699989,True
720575940606711241,True
720575940606721201,True
720575940606725553,True
720575940606733489,True
720575940606738441,True
720575940606743985,True
720575940606747740,True
720575940606757041,True
720575940606762686,True
720575940606769609,True
720575940606776585,True
720575940606786249,True
720575940606800073,True
720575940606810057,True
720575940606824834,True
720575940606845873,True
720575940606851761,True
720575940606862281,True
720575940606870961,True
720575940606884017,True
720575940606901938,True
720575940606913154,True
720575940606920643,True
720575940606931145,True
720575940606942130,True
720575940606952028,True
720575940606965705,True
720575940606976713,True
720575940606991817,True
720575940607001474,True
720575940607010825,True
720575940607019019,True
720575940607030281,True
720575940607040981,True
720575940607049673,True
720575940607060425,True
720575940607072898,True
720575940607081769,True
720575940607092828,True
720575940607107785,True
720575940607122268,True
720575940607131081,True
720575940607146882,True
720575940607161218,True
720575940607174578,True
720575940607180722,True
720575940607193986,True
720575940607201458,True
720575940607208540,True
720575940607218443,True
720575940607227010,True
720575940607236676,True
720575940607247049,True
720575940607254108,True
720575940607263068,True
720575940607272715,True
720575940607280818,True
720575940607288265,True
720575940607304459,True
720575940607314050,True
720575940607332297,True
720575940607341234,True
720575940607349001,True
720575940607360713,True
720575940607368393,True
720575940607380658,True
720575940607390219,True
720575940607406978,True
720575940607420850,True
720575940607437269,True
720575940607447474,True
720575940607458226,True
720575940607469404,True
720575940607476174,True
720575940607488457,True
720575940607507157,True
720575940607513730,True
720575940607522226,True
720575940607535049,True
720575940607551701,True
720575940607570185,True
720575940607585731,True
720575940607596162,True
720575940607607218,True
720575940607619541,True
720575940607630805,True
720575940607641801,True
720575940607651083,True
720575940607664853,True
720575940607678594,True
720575940607689394,True
720575940607698866,True
720575940607710921,True
720575940607725769,True
720575940607741705,True
720575940607756233,True
720575940607765705,True
720575940607777410,True
720575940607788233,True
720575940607802123,True
720575940607812018,True
720575940607822002,True
720575940607830211,True
720575940607846083,True
720575940607854531,True
720575940607860419,True
720575940607868873,True
720575940607872969,True
720575940607879691,True
720575940607889244,True
720575940607896265,True
720575940607902682,True
720575940607915529,True
720575940607927170,True
720575940607934082,True
720575940607944260,True
720575940607957769,True
720575940607967874,True
720575940607978820,True
720575940607986866,True
720575940607991819,True
720575940608006578,True
720575940608020931,True
720575940608028764,True
720575940608042114,True
720575940608053084,True
720575940608062594,True
720575940608071435,True
720575940608082990,True
720575940608088259,True
720575940608102613,True
720575940608118108,True
720575940608127666,True
720575940608139394,True
720575940608148489,True
720575940608156290,True
720575940608163285,True
720575940608174894,True
720575940608179268,True
720575940608186307,True
720575940608193475,True
720575940608208651,True
720575940608214281,True
720575940608223410,True
720575940608233941,True
720575940608240562,True
720575940608252427,True
720575940608268227,True
720575940608278364,True
720575940608281929,True
720575940608295032,True
720575940608302601,True
720575940608315740,True
720575940608326274,True
720575940608334770,True
720575940608339330,True
720575940608344331,True
720575940608352068,True
720575940608361737,True
720575940608367746,True
720575940608371586,True
720575940608383243,True
720575940608391691,True
720575940608402524,True
720575940608411349,True
720575940608428555,True
720575940608436235,True
720575940608453077,True
720575940608469257,True
720575940608490435,True
720575940608500316,True
720575940608509764,True
720575940608523612,True
720575940608528341,True
720575940608544011,True
720575940608555868,True
720575940608566979,True
720575940608583689,True
720575940608595804,True
720575940608605705,True
720575940608613212,True
720575940608617737,True
720575940608626133,True
720575940608633134,True
720575940608650537,True
720575940608662318,True
720575940608671324,True
720575940608681993,True
720575940608694025,True
720575940608707192,True
720575940608721419,True
720575940608732425,True
720575940608745006,True
720575940608756747,True
720575940608767957,True
720575940608782428,True
720575940608795659,True
720575940608803081,True
720575940608810798,True
720575940608822281,True
720575940608829909,True
720575940608838958,True
720575940608851925,True
720575940608864777,True
720575940608873737,True
720575940608883780,True
720575940608889902,True
720575940608905737,True
720575940608911113,True
720575940608918830,True
720575940608929749,True
720575940608937923,True
720575940608945163,True
720575940608956169,True
720575940608964821,True
720575940608971221,True
720575940608977877,True
720575940608984277,True
720575940608991755,True
720575940608999492,True
720575940609008853,True
720575940609019659,True
720575940609027523,True
720575940609038660,True
720575940609043804,True
720575940609061188,True
720575940609070531,True
720575940609080412,True
720575940609092700,True
720575940609104137,True
720575940609114436,True
720575940609123267,True
720575940609133269,True
720575940609143672,True
720575940609154517,True
720575940609164242,True
720575940609174392,True
720575940609183427,True
720575940609191177,True
720575940609201163,True
720575940609213705,True
720575940609221845,True
720575940609228809,True
720575940609234371,True
720575940609241045,True
720575940609246300,True
720575940609256540,True
720575940609261916,True
720575940609268491,True
720575940609275331,True
720575940609284728,True
720575940609290435,True
720575940609298901,True
720575940609304668,True
720575940609310300,True
720575940609314755,True
720575940609319516,True
720575940609328853,True
720575940609341809,True
720575940609347523,True
720575940609351875,True
720575940609360686,True
720575940609366467,True
720575940609375580,True
720575940609381899,True
720575940609387618,True
720575940609394524,True
720575940609406933,True
720575940609414468,True
720575940609423299,True
720575940609436099,True
720575940609442569,True
720575940609453763,True
720575940609461001,True
720575940609469794,True
720575940609480459,True
720575940609486787,True
720575940609493880,True
720575940609499086,True
720575940609510921,True
720575940609521673,True
720575940609531913,True
720575940609541917,True
720575940609553476,True
720575940609561208,True
720575940609568011,True
720575940609576459,True
720575940609586645,True
720575940609597379,True
720575940609604875,True
720575940609616579,True
720575940609623253,True
720575940609633582,True
720575940609644498,True
720575940609648942,True
720575940609656689,True
720575940609663812,True
720575940609671470,True
720575940609681732,True
720575940609694729,True
720575940609705678,True
720575940609713587,True
720575940609718084,True
720575940609722121,True
720575940609733387,True
720575940609739869,True
720575940609747780,True
720575940609758217,True
720575940609764818,True
720575940609769941,True
720575940609776085,True
720575940609782485,True
720575940609790987,True
720575940609799470,True
720575940609806293,True
720575940609813624,True
720575940609824777,True
720575940609831893,True
720575940609836898,True
720575940609849298,True
720575940609856324,True
720575940609865739,True
720575940609871371,True
720575940609881749,True
720575940609892164,True
720575940609898308,True
720575940609905476,True
720575940609912587,True
720575940609924875,True
720575940609930052,True
720575940609935918,True
720575940609941653,True
720575940609948114,True
720575940609959010,True
720575940609967940,True
720575940609975854,True
720575940609981123,True
720575940609991236,True
720575940610000964,True
720575940610008003,True
720575940610018266,True
720575940610031578,True
720575940610040538,True
720575940610047698,True
720575940610055982,True
720575940610063918,True
720575940610072388,True
720575940610079683,True
720575940610088922,True
720575940610100466,True
720575940610106834,True
720575940610113905,True
720575940610121625,True
720575940610133955,True
720575940610140378,True
720575940610148676,True
720575940610160357,True
720575940610170586,True
720575940610178417,True
720575940610184049,True
720575940610191795,True
720575940610199781,True
720575940610206387,True
720575940610210372,True
720575940610215875,True
720575940610221507,True
720575940610228344,True
720575940610234325,True
720575940610239608,True
720575940610254275,True
720575940610260804,True
720575940610269508,True
720575940610278724,True
720575940610287299,True
720575940610293572,True
720575940610303857,True
720575940610311025,True
720575940610318450,True
720575940610325038,True
720575940610335698,True
720575940610343236,True
720575940610352590,True
720575940610359650,True
720575940610369378,True
720575940610377028,True
720575940610382771,True
720575940610389458,True
720575940610395354,True
720575940610399427,True
720575940610408643,True
720575940610414787,True
720575940610421060,True
720575940610426517,True
720575940610432485,True
720575940610438898,True
720575940610445922,True
720575940610455781,True
720575940610464195,True
720575940610471522,True
720575940610477425,True
720575940610483930,True
720575940610488213,True
720575940610493809,True
720575940610500035,True
720575940610505621,True
720575940610509251,True
720575940610518770,True
720575940610524339,True
720575940610532757,True
720575940610537678,True
720575940610545561,True
720575940610555716,True
720575940610563448,True
720575940610579093,True
720575940610584184,True
720575940610588057,True
720575940610599603,True
720575940610605614,True
720575940610612337,True
720575940610621816,True
720575940610626162,True
720575940610634962,True
720575940610640357,True
720575940610647210,True
720575940610652002,True
720575940610658658,True
720575940610665336,True
720575940610670250,True
720575940610678392,True
720575940610684586,True
720575940610692142,True
720575940610697006,True
720575940610703406,True
720575940610710130,True
720575940610715746,True
720575940610721604,True
720575940610728178,True
720575940610734229,True
720575940610739502,True
720575940610744110,True
720575940610753230,True
720575940610757859,True
720575940610763896,True
720575940610769506,True
720575940610774897,True
720575940610783125,True
720575940610797102,True
720575940610802990,True
720575940610811746,True
720575940610816881,True
720575940610824214,True
720575940610835922,True
720575940610846306,True
720575940610856874,True
720575940610865614,True
720575940610872418,True
720575940610880324,True
720575940610888056,True
720575940610895314,True
720575940610899349,True
720575940610903250,True
720575940610906722,True
720575940610909816,True
720575940610918350,True
720575940610925266,True
720575940610933458,True
720575940610938322,True
720575940610944098,True
720575940610951748,True
720575940610957778,True
720575940610964946,True
720575940610970842,True
720575940610977746,True
720575940610981362,True
720575940610984516,True
720575940610990821,True
720575940610998136,True
720575940611006418,True
720575940611012194,True
720575940611015859,True
720575940611025784,True
720575940611032530,True
720575940611040866,True
720575940611048306,True
720575940611052642,True
720575940611058611,True
720575940611067716,True
720575940611074116,True
720575940611080410,True
720575940611085358,True
720575940611089220,True
720575940611091524,True
720575940611097554,True
720575940611102577,True
720575940611110468,True
720575940611114389,True
720575940611119578,True
720575940611124856,True
720575940611130744,True
720575940611137979,True
720575940611145682,True
720575940611153870,True
720575940611159762,True
720575940611164770,True
720575940611171426,True
720575940611176362,True
720575940611182554,True
720575940611192526,True
720575940611197538,True
720575940611205074,True
720575940611209109,True
720575940611212441,True
720575940611216226,True
720575940611220116,True
720575940611227029,True
720575940611233234,True
720575940611242137,True
720575940611249528,True
720575940611254681,True
720575940611261170,True
720575940611266709,True
720575940611274981,True
720575940611284659,True
720575940611290354,True
720575940611295790,True
720575940611299793,True
720575940611305365,True
720575940611314602,True
720575940611327129,True
720575940611332722,True
720575940611339566,True
720575940611345331,True
720575940611351193,True
720575940611354597,True
720575940611361941,True
720575940611367282,True
720575940611374434,True
720575940611378274,True
720575940611383394,True
720575940611391694,True
720575940611397166,True
720575940611400470,True
720575940611406042,True
720575940611413858,True
720575940611419414,True
720575940611423842,True
720575940611428398,True
720575940611435054,True
720575940611439587,True
720575940611444633,True
720575940611449749,True
720575940611454833,True
720575940611462037,True
720575940611469006,True
720575940611474138,True
720575940611477873,True
720575940611482226,True
720575940611489998,True
720575940611493842,True
720575940611498419,True
720575940611502286,True
720575940611506966,True
720575940611509939,True
720575940611514574,True
720575940611521945,True
720575940611527800,True
720575940611533262,True
720575940611538355,True
720575940611544854,True
720575940611549902,True
720575940611553266,True
720575940611558776,True
720575940611563310,True
720575940611568942,True
720575940611576014,True
720575940611578834,True
720575940611586227,True
720575940611591794,True
720575940611597795,True
720575940611602274,True
720575940611606165,True
720575940611609306,True
720575940611613394,True
720575940611617838,True
720575940611623118,True
720575940611628145,True
720575940611637714,True
720575940611642517,True
720575940611646584,True
720575940611651192,True
720575940611658482,True
720575940611663826,True
720575940611667662,True
720575940611671928,True
720575940611675571,True
720575940611681558,True
720575940611686513,True
720575940611693688,True
720575940611697394,True
720575940611703080,True
720575940611709560,True
720575940611715813,True
720575940611723377,True
720575940611726829,True
720575940611733288,True
720575940611739090,True
720575940611742818,True
720575940611748984,True
720575940611754338,True
720575940611758434,True
720575940611763064,True
720575940611768418,True
720575940611773138,True
720575940611779989,True
720575940611783378,True
720575940611789810,True
720575940611795093,True
720575940611802994,True
720575940611806613,True
720575940611811794,True
720575940611814883,True
720575940611821078,True
720575940611828758,True
720575940611831762,True
720575940611836114,True
720575940611839893,True
720575940611844818,True
720575940611849187,True
720575940611854712,True
720575940611858274,True
720575940611862990,True
720575940611866744,True
720575940611872114,True
720575940611875170,True
720575940611880666,True
720575940611886066,True
720575940611892915,True
720575940611899158,True
720575940611904218,True
720575940611909861,True
720575940611916242,True
720575940611924117,True
720575940611928213,True
720575940611932586,True
720575940611935637,True
720575940611939026,True
720575940611943141,True
720575940611947235,True
720575940611951822,True
720575940611958963,True
720575940611962226,True
720575940611967125,True
720575940611972210,True
720575940611981029,True
720575940611985331,True
720575940611990243,True
720575940611994574,True
720575940612002197,True
720575940612008818,True
720575940612014120,True
720575940612019569,True
720575940612025954,True
720575940612030962,True
720575940612033998,True
720575940612040910,True
720575940612046286,True
720575940612049893,True
720575940612054222,True
720575940612059818,True
720575940612065393,True
720575940612068594,True
720575940612076401,True
720575940612080590,True
720575940612083899,True
720575940612090595,True
720575940612095637,True
720575940612099442,True
720575940612104034,True
720575940612106905,True
720575940612110485,True
720575940612115162,True
720575940612122152,True
720575940612127842,True
720575940612131759,True
720575940612137690,True
720575940612142834,True
720575940612149418,True
720575940612153622,True
720575940612160113,True
720575940612166553,True
720575940612171237,True
720575940612179093,True
720575940612183921,True
720575940612190161,True
720575940612194611,True
720575940612196850,True
720575940612201586,True
720575940612205938,True
720575940612209587,True
720575940612216549,True
720575940612221157,True
720575940612228630,True
720575940612235214,True
720575940612238798,True
720575940612244707,True
720575940612248469,True
720575940612250774,True
720575940612255914,True
720575940612260962,True
720575940612267470,True
720575940612273575,True
720575940612277415,True
720575940612281842,True
720575940612286670,True
720575940612290986,True
720575940612294835,True
720575940612298958,True
720575940612303845,True
720575940612306650,True
720575940612310478,True
720575940612315373,True
720575940612319125,True
720575940612322402,True
720575940612326362,True
720575940612330446,True
720575940612333491,True
720575940612337083,True
720575940612340520,True
720575940612344490,True
720575940612348950,True
720575940612355763,True
720575940612361106,True
720575940612366322,True
720575940612372453,True
720575940612375525,True
720575940612379287,True
720575940612383381,True
720575940612387557,True
720575940612394803,True
720575940612400563,True
720575940612404430,True
720575940612407538,True
720575940612412851,True
720575940612417905,True
720575940612420594,True
720575940612423208,True
720575940612427414,True
720575940612432241,True
720575940612435353,True
720575940612439219,True
720575940612444339,True
720575940612448997,True
720575940612454579,True
720575940612459669,True
720575940612463511,True
720575940612468130,True
720575940612471091,True
720575940612473640,True
720575940612478890,True
720575940612485357,True
720575940612488910,True
720575940612491762,True
720575940612496533,True
720575940612499442,True
720575940612504243,True
720575940612507885,True
720575940612512498,True
720575940612519934,True
720575940612522994,True
720575940612526542,True
720575940612531349,True
720575940612534933,True
720575940612537749,True
720575940612542742,True
720575940612547225,True
720575940612549799,True
720575940612554226,True
720575940612559341,True
720575940612563379,True
720575940612566634,True
720575940612570538,True
720575940612574435,True
720575940612579763,True
720575940612583091,True
720575940612588211,True
720575940612593301,True
720575940612598499,True
720575940612602163,True
720575940612607953,True
720575940612614067,True
720575940612619157,True
720575940612621786,True
720575940612627106,True
720575940612630386,True
720575940612633770,True
720575940612638437,True
720575940612644837,True
720575940612647166,True
720575940612650213,True
720575940612655027,True
720575940612659826,True
720575940612664273,True
720575940612668821,True
720575940612672986,True
720575940612678001,True
720575940612680817,True
720575940612684506,True
720575940612686834,True
720575940612692633,True
720575940612695525,True
720575940612699354,True
720575940612702577,True
720575940612708519,True
720575940612713322,True
720575940612718322,True
720575940612723379,True
720575940612727154,True
720575940612730538,True
720575940612733298,True
720575940612737174,True
720575940612740722,True
720575940612743410,True
720575940612748146,True
720575940612754650,True
720575940612758934,True
720575940612763242,True
720575940612766691,True
720575940612770197,True
720575940612775061,True
720575940612778213,True
720575940612780723,True
720575940612786581,True
720575940612790442,True
720575940612796083,True
720575940612801331,True
720575940612805118,True
720575940612811122,True
720575940612815513,True
720575940612819370,True
720575940612822757,True
720575940612829619,True
720575940612833137,True
720575940612837338,True
720575940612841890,True
720575940612845590,True
720575940612848793,True
720575940612851375,True
720575940612855475,True
720575940612858520,True
720575940612861462,True
720575940612863858,True
720575940612868837,True
720575940612874536,True
720575940612878242,True
720575940612881123,True
720575940612886695,True
720575940612891505,True
720575940612894613,True
720575940612896682,True
720575940612903281,True
720575940612907154,True
720575940612909999,True
720575940612915353,True
720575940612918195,True
720575940612921267,True
720575940612923762,True
720575940612927155,True
720575940612930709,True
720575940612933529,True
720575940612937834,True
720575940612939798,True
720575940612942705,True
720575940612946325,True
720575940612950447,True
720575940612955098,True
720575940612959146,True
720575940612963094,True
720575940612967087,True
720575940612969169,True
720575940612972054,True
720575940612975085,True
720575940612977322,True
720575940612980082,True
720575940612984306,True
720575940612986777,True
720575940612989849,True
720575940612991730,True
720575940612994582,True
720575940612998885,True
720575940613003925,True
720575940613006358,True
720575940613009298,True
720575940613013466,True
720575940613017493,True
720575940613021950,True
720575940613029850,True
720575940613035048,True
720575940613039795,True
720575940613050577,True
720575940613053393,True
720575940613059290,True
720575940613063642,True
720575940613066262,True
720575940613071075,True
720575940613074602,True
720575940613079932,True
720575940613085402,True
720575940613089394,True
720575940613093299,True
720575940613097881,True
720575940613102053,True
720575940613107119,True
720575940613110746,True
720575940613116141,True
720575940613119399,True
720575940613121790,True
720575940613126618,True
720575940613130469,True
720575940613137375,True
720575940613140186,True
720575940613142490,True
720575940613145059,True
720575940613148890,True
720575940613151911,True
720575940613154739,True
720575940613160982,True
720575940613163994,True
720575940613169587,True
720575940613175215,True
720575940613183717,True
720575940613188519,True
720575940613191391,True
720575940613194354,True
720575940613201075,True
720575940613206594,True
720575940613212595,True
720575940613217906,True
720575940613221585,True
720575940613225750,True
720575940613229938,True
720575940613234591,True
720575940613238258,True
720575940613242597,True
720575940613248479,True
720575940613252082,True
720575940613255410,True
720575940613258994,True
720575940613262870,True
720575940613268531,True
720575940613272799,True
720575940613278895,True
720575940613284527,True
720575940613288857,True
720575940613292610,True
720575940613298911,True
720575940613302294,True
720575940613307619,True
720575940613315606,True
720575940613323262,True
720575940613327358,True
720575940613332195,True
720575940613337640,True
720575940613339801,True
720575940613347498,True
720575940613353169,True
720575940613355670,True
720575940613360295,True
720575940613364348,True
720575940613369827,True
720575940613374361,True
720575940613379045,True
720575940613384434,True
720575940613386994,True
720575940613391845,True
720575940613398386,True
720575940613402354,True
720575940613408552,True
720575940613412147,True
720575940613415922,True
720575940613419762,True
720575940613425361,True
720575940613428008,True
720575940613429733,True
720575940613432306,True
720575940613434595,True
720575940613439602,True
720575940613442070,True
720575940613447338,True
720575940613452261,True
720575940613455331,True
720575940613463318,True
720575940613467158,True
720575940613471090,True
720575940613474162,True
720575940613478422,True
720575940613481330,True
720575940613485608,True
720575940613489570,True
720575940613492377,True
720575940613496729,True
720575940613500591,True
720575940613504808,True
720575940613509101,True
720575940613513642,True
720575940613517846,True
720575940613522413,True
720575940613526323,True
720575940613527789,True
720575940613530349,True
720575940613533234,True
720575940613538969,True
720575940613544367,True
720575940613548714,True
720575940613551853,True
720575940613557032,True
720575940613560994,True
720575940613567244,True
720575940613575065,True
720575940613580594,True
720575940613586403,True
720575940613590579,True
720575940613593837,True
720575940613598322,True
720575940613601005,True
720575940613603698,True
720575940613606809,True
720575940613609881,True
720575940613613795,True
720575940613618483,True
720575940613622014,True
720575940613626079,True
720575940613629923,True
720575940613633394,True
720575940613636325,True
720575940613640165,True
720575940613644003,True
720575940613647477,True
720575940613652906,True
720575940613659629,True
720575940613664874,True
720575940613668620,True
720575940613672562,True
720575940613676402,True
720575940613682087,True
720575940613685043,True
720575940613686993,True
720575940613690730,True
720575940613695346,True
720575940613700333,True
720575940613706546,True
720575940613709549,True
720575940613713002,True
720575940613718824,True
720575940613726150,True
720575940613732271,True
720575940613737768,True
720575940613743102,True
720575940613747949,True
720575940613752999,True
720575940613757736,True
720575940613762466,True
720575940613768562,True
720575940613772310,True
720575940613776081,True
720575940613779631,True
720575940613784062,True
720575940613787390,True
720575940613792493,True
720575940613796246,True
720575940613799446,True
720575940613803757,True
720575940613808638,True
720575940613814971,True
720575940613819107,True
720575940613825650,True
720575940613829807,True
720575940613834354,True
720575940613840611,True
720575940613845516,True
720575940613851345,True
720575940613859379,True
720575940613864498,True
720575940613867682,True
720575940613873071,True
720575940613878824,True
720575940613885602,True
720575940613891442,True
720575940613896429,True
720575940613902402,True
720575940613906802,True
720575940613916369,True
720575940613922418,True
720575940613927139,True
720575940613933727,True
720575940613939171,True
720575940613942642,True
720575940613945128,True
720575940613956242,True
720575940613961634,True
720575940613967426,True
720575940613973727,True
720575940613978262,True
720575940613981992,True
720575940613987503,True
720575940613994134,True
720575940613999263,True
720575940614004143,True
720575940614009827,True
720575940614014435,True
720575940614019112,True
720575940614026280,True
720575940614032081,True
720575940614037533,True
720575940614045858,True
720575940614049183,True
720575940614052333,True
720575940614056379,True
720575940614060829,True
720575940614064621,True
720575940614071011,True
720575940614078179,True
720575940614087087,True
720575940614093458,True
720575940614098897,True
720575940614103347,True
720575940614107554,True
720575940614113036,True
720575940614116049,True
720575940614120671,True
720575940614123439,True
720575940614125822,True
720575940614131131,True
720575940614137809,True
720575940614143663,True
720575940614150195,True
720575940614155462,True
720575940614160179,True
720575940614166495,True
720575940614171875,True
720575940614176465,True
720575940614181538,True
720575940614186090,True
720575940614190022,True
720575940614192559,True
720575940614196748,True
720575940614200214,True
720575940614205615,True
720575940614208977,True
720575940614212561,True
720575940614215830,True
720575940614219518,True
720575940614222334,True
720575940614227522,True
720575940614231336,True
720575940614235117,True
720575940614239338,True
720575940614245329,True
720575940614250221,True
720575940614255341,True
720575940614259251,True
720575940614268467,True
720575940614273233,True
720575940614276876,True
720575940614280554,True
720575940614282449,True
720575940614284719,True
720575940614291654,True
720575940614295848,True
720575940614298986,True
720575940614301905,True
720575940614306814,True
720575940614309535,True
720575940614311746,True
720575940614314671,True
720575940614318482,True
720575940614323606,True
720575940614327202,True
720575940614332322,True
720575940614336209,True
720575940614340502,True
720575940614342762,True
720575940614347774,True
720575940614351075,True
720575940614355654,True
720575940614361263,True
720575940614365343,True
720575940614368739,True
720575940614374893,True
720575940614378143,True
720575940614382051,True
720575940614385901,True
720575940614389229,True
720575940614392627,True
720575940614396172,True
720575940614401455,True
720575940614404970,True
720575940614411154,True
720575940614414632,True
720575940614418118,True
720575940614422439,True
720575940614427055,True
720575940614430102,True
720575940614434479,True
720575940614440098,True
720575940614443788,True
720575940614448337,True
720575940614454183,True
720575940614461351,True
720575940614465979,True
720575940614469939,True
720575940614474407,True
720575940614478846,True
720575940614484626,True
720575940614488045,True
720575940614495919,True
720575940614503099,True
720575940614509458,True
720575940614514886,True
720575940614519775,True
720575940614525351,True
720575940614528629,True
720575940614531368,True
720575940614540286,True
720575940614544295,True
720575940614547879,True
720575940614551806,True
720575940614555629,True
720575940614559163,True
720575940614562867,True
720575940614569414,True
720575940614572463,True
720575940614574994,True
720575940614579106,True
720575940614582765,True
720575940614587538,True
720575940614590957,True
720575940614596007,True
720575940614601077,True
720575940614604525,True
720575940614606742,True
720575940614610925,True
720575940614614312,True
720575940614617553,True
720575940614621661,True
720575940614625587,True
720575940614629807,True
720575940614633867,True
720575940614635666,True
720575940614639302,True
720575940614643119,True
720575940614647564,True
720575940614650380,True
720575940614654175,True
720575940614658814,True
720575940614662815,True
720575940614666658,True
720575940614670120,True
720575940614673826,True
720575940614676222,True
720575940614678439,True
720575940614682274,True
720575940614684847,True
720575940614688296,True
720575940614692498,True
720575940614695599,True
720575940614699262,True
720575940614704424,True
720575940614708236,True
720575940614711080,True
720575940614713511,True
720575940614716979,True
720575940614719981,True
720575940614723495,True
720575940614726261,True
720575940614728351,True
720575940614732851,True
720575940614735558,True
720575940614737810,True
720575940614741922,True
720575940614744017,True
720575940614747810,True
720575940614751027,True
720575940614755478,True
720575940614759149,True
720575940614762914,True
720575940614768530,True
720575940614772399,True
720575940614775954,True
720575940614779026,True
720575940614781638,True
720575940614784977,True
720575940614789900,True
720575940614792744,True
720575940614796509,True
720575940614800815,True
720575940614807954,True
720575940614811222,True
720575940614815199,True
720575940614818471,True
720575940614821661,True
720575940614825026,True
720575940614829462,True
720575940614831358,True
720575940614834942,True
720575940614838431,True
720575940614843275,True
720575940614847903,True
720575940614853551,True
720575940614857106,True
720575940614861378,True
720575940614866242,True
720575940614871336,True
720575940614880040,True
720575940614884502,True
720575940614890238,True
720575940614895010,True
720575940614900882,True
720575940614904978,True
720575940614908822,True
720575940614914107,True
720575940614919330,True
720575940614922146,True
720575940614926790,True
720575940614930107,True
720575940614934178,True
720575940614937494,True
720575940614942718,True
720575940614947039,True
720575940614952635,True
720575940614955518,True
720575940614959144,True
720575940614964264,True
720575940614968287,True
720575940614972575,True
720575940614976662,True
720575940614983474,True
720575940614988463,True
720575940614993932,True
720575940614998166,True
720575940615002162,True
720575940615006943,True
720575940615012775,True
720575940615015366,True
720575940615019231,True
720575940615022022,True
720575940615027623,True
720575940615030930,True
720575940615035699,True
720575940615041064,True
720575940615043368,True
720575940615046854,True
720575940615051158,True
720575940615054888,True
720575940615059286,True
720575940615062191,True
720575940615066152,True
720575940615068847,True
720575940615071906,True
720575940615074302,True
720575940615078034,True
720575940615082671,True
720575940615085107,True
720575940615088593,True
720575940615091763,True
720575940615096487,True
720575940615098683,True
720575940615101359,True
720575940615104918,True
720575940615109782,True
720575940615114402,True
720575940615118545,True
720575940615123250,True
720575940615125758,True
720575940615127091,True
720575940615130530,True
720575940615134091,True
720575940615136679,True
720575940615139326,True
720575940615142047,True
720575940615146562,True
720575940615151446,True
720575940615156107,True
720575940615163055,True
720575940615168985,True
720575940615171946,True
720575940615177011,True
720575940615181974,True
720575940615185831,True
720575940615189407,True
720575940615193787,True
720575940615196778,True
720575940615200051,True
720575940615204458,True
720575940615206823,True
720575940615211626,True
720575940615215057,True
720575940615217514,True
720575940615219778,True
720575940615222678,True
720575940615226086,True
720575940615230114,True
720575940615234207,True
720575940615239746,True
720575940615244690,True
720575940615248593,True
720575940615250850,True
720575940615253415,True
720575940615257238,True
720575940615258878,True
720575940615262570,True
720575940615265478,True
720575940615269682,True
720575940615272891,True
720575940615279163,True
720575940615281467,True
720575940615288799,True
720575940615294058,True
720575940615298454,True
720575940615302962,True
720575940615308729,True
720575940615312084,True
720575940615317671,True
720575940615322023,True
720575940615325607,True
720575940615329951,True
720575940615333469,True
720575940615338193,True
720575940615341991,True
720575940615345554,True
720575940615348130,True
720575940615351995,True
720575940615357649,True
720575940615361174,True
720575940615366055,True
720575940615370635,True
720575940615374731,True
720575940615377606,True
720575940615380639,True
720575940615385798,True
720575940615389599,True
720575940615394527,True
720575940615398910,True
720575940615402869,True
720575940615405791,True
720575940615408059,True
720575940615411161,True
720575940615415263,True
720575940615420327,True
720575940615424658,True
720575940615428242,True
720575940615430806,True
720575940615435330,True
720575940615438521,True
720575940615443615,True
720575940615447146,True
720575940615451646,True
720575940615455742,True
720575940615459326,True
720575940615462978,True
720575940615465110,True
720575940615467999,True
720575940615473986,True
720575940615479806,True
720575940615482434,True
720575940615487391,True
720575940615491218,True
720575940615495839,True
720575940615501529,True
720575940615504690,True
720575940615507641,True
720575940615513250,True
720575940615515609,True
720575940615520159,True
720575940615525080,True
720575940615528678,True
720575940615534092,True
720575940615539385,True
720575940615542890,True
720575940615548319,True
720575940615553430,True
720575940615558598,True
720575940615564556,True
720575940615569823,True
720575940615573131,True
720575940615578783,True
720575940615583861,True
720575940615589279,True
720575940615593044,True
720575940615596178,True
720575940615601492,True
720575940615605919,True
720575940615610454,True
720575940615612071,True
720575940615616167,True
720575940615620002,True
720575940615624354,True
720575940615626562,True
720575940615630237,True
720575940615635037,True
720575940615639932,True
720575940615644277,True
720575940615648818,True
720575940615651990,True
720575940615656554,True
720575940615661661,True
720575940615666794,True
720575940615671106,True
720575940615675732,True
720575940615678870,True
720575940615681804,True
720575940615686715,True
720575940615688850,True
720575940615693766,True
720575940615697932,True
720575940615702239,True
720575940615707295,True
720575940615710175,True
720575940615712034,True
720575940615716469,True
720575940615719569,True
720575940615723077,True
720575940615726790,True
720575940615730070,True
720575940615732630,True
720575940615735711,True
720575940615740603,True
720575940615744066,True
720575940615747122,True
720575940615750075,True
720575940615753629,True
720575940615757362,True
720575940615761803,True
720575940615767739,True
720575940615772706,True
720575940615779558,True
720575940615784342,True
720575940615788742,True
720575940615792863,True
720575940615798470,True
720575940615801798,True
720575940615805855,True
720575940615810098,True
720575940615814303,True
720575940615819370,True
720575940615825211,True
720575940615828330,True
720575940615834162,True
720575940615838770,True
720575940615843990,True
720575940615851167,True
720575940615855499,True
720575940615858143,True
720575940615861405,True
720575940615866310,True
720575940615869762,True
720575940615875003,True
720575940615881501,True
720575940615885766,True
720575940615889638,True
720575940615893058,True
720575940615896989,True
720575940615900731,True
720575940615903605,True
720575940615906388,True
720575940615911380,True
720575940615916594,True
720575940615921474,True
720575940615925151,True
720575940615929410,True
720575940615933919,True
720575940615940364,True
720575940615943313,True
720575940615946555,True
720575940615950742,True
720575940615953202,True
720575940615955643,True
720575940615958687,True
720575940615962043,True
720575940615965140,True
720575940615967574,True
720575940615972027,True
720575940615974493,True
720575940615977541,True
720575940615980338,True
720575940615984596,True
720575940615987562,True
720575940615991658,True
720575940615996522,True
720575940616000223,True
720575940616005009,True
720575940616009010,True
720575940616012138,True
720575940616014534,True
720575940616017382,True
720575940616020274,True
720575940616023709,True
720575940616026555,True
720575940616029218,True
720575940616032605,True
720575940616036758,True
720575940616039797,True
720575940616044998,True
720575940616048757,True
720575940616054175,True
720575940616058079,True
720575940616061301,True
720575940616066114,True
720575940616070203,True
720575940616073506,True
720575940616076219,True
720575940616079007,True
720575940616085042,True
720575940616088070,True
720575940616093855,True
720575940616096927,True
720575940616100582,True
720575940616104379,True
720575940616110219,True
720575940616112543,True
720575940616115654,True
720575940616118634,True
720575940616122402,True
720575940616128927,True
720575940616131414,True
720575940616134612,True
720575940616137322,True
720575940616141535,True
720575940616145714,True
720575940616149249,True
720575940616151238,True
720575940616154580,True
720575940616157499,True
720575940616161241,True
720575940616164767,True
720575940616169010,True
720575940616171476,True
720575940616177949,True
720575940616182594,True
720575940616187498,True
720575940616190651,True
720575940616194610,True
720575940616198434,True
720575940616201695,True
720575940616203869,True
720575940616207628,True
720575940616212034,True
720575940616218324,True
720575940616222438,True
720575940616226747,True
720575940616230815,True
720575940616233147,True
720575940616236862,True
720575940616242875,True
720575940616249461,True
720575940616256059,True
720575940616260806,True
720575940616264148,True
720575940616268959,True
720575940616272434,True
720575940616274971,True
720575940616279872,True
720575940616285151,True
720575940616288223,True
720575940616292497,True
720575940616295647,True
720575940616298562,True
720575940616300729,True
720575940616303680,True
720575940616308127,True
720575940616311750,True
720575940616315281,True
720575940616319647,True
720575940616322783,True
720575940616327636,True
720575940616330143,True
720575940616333499,True
720575940616337181,True
720575940616343967,True
720575940616347916,True
720575940616352780,True
720575940616357265,True
720575940616362123,True
720575940616365766,True
720575940616369474,True
720575940616374594,True
720575940616378769,True
720575940616383389,True
720575940616387138,True
720575940616390237,True
720575940616394683,True
720575940616396703,True
720575940616398898,True
720575940616400706,True
720575940616404002,True
720575940616406813,True
720575940616411323,True
720575940616415062,True
720575940616418233,True
720575940616421094,True
720575940616425531,True
720575940616431138,True
720575940616435739,True
720575940616440332,True
720575940616446367,True
720575940616450278,True
720575940616454210,True
720575940616459637,True
720575940616465055,True
720575940616470417,True
720575940616474395,True
720575940616478150,True
720575940616481397,True
720575940616484747,True
720575940616487327,True
720575940616491993,True
720575940616495361,True
720575940616501314,True
720575940616503669,True
720575940616508831,True
720575940616513058,True
720575940616517170,True
720575940616523020,True
720575940616527633,True
720575940616532546,True
720575940616536669,True
720575940616539878,True
720575940616543291,True
720575940616545858,True
720575940616547904,True
720575940616549749,True
720575940616555554,True
720575940616560450,True
720575940616565131,True
720575940616568537,True
720575940616571846,True
720575940616575062,True
720575940616578646,True
720575940616581186,True
720575940616583865,True
720575940616588608,True
720575940616592946,True
720575940616597643,True
720575940616600262,True
720575940616605441,True
720575940616611189,True
720575940616614998,True
720575940616617245,True
720575940616620556,True
720575940616626518,True
720575940616629260,True
720575940616633461,True
720575940616637526,True
720575940616641931,True
720575940616647483,True
720575940616650802,True
720575940616655989,True
720575940616662284,True
720575940616665915,True
720575940616670016,True
720575940616674909,True
720575940616679218,True
720575940616685457,True
720575940616690107,True
720575940616694667,True
720575940616699805,True
720575940616705949,True
720575940616709593,True
720575940616713355,True
720575940616716683,True
720575940616725009,True
720575940616731665,True
720575940616736198,True
720575940616739485,True
720575940616743749,True
720575940616748249,True
720575940616751755,True
720575940616756993,True
720575940616761227,True
720575940616764731,True
720575940616768699,True
720575940616773682,True
720575940616777403,True
720575940616781652,True
720575940616785420,True
720575940616790102,True
720575940616792577,True
720575940616796502,True
720575940616799035,True
720575940616804550,True
720575940616810582,True
720575940616813836,True
720575940616817238,True
720575940616819899,True
720575940616824076,True
720575940616826310,True
720575940616829627,True
720575940616832598,True
720575940616835596,True
720575940616837593,True
720575940616841302,True
720575940616843862,True
720575940616848140,True
720575940616851131,True
720575940616853853,True
720575940616856347,True
720575940616859259,True
720575940616862139,True
720575940616866443,True
720575940616870725,True
720575940616877510,True
720575940616882757,True
720575940616884822,True
720575940616887611,True
720575940616890708,True
720575940616892102,True
720575940616896257,True
720575940616900130,True
720575940616904029,True
720575940616907678,True
720575940616911243,True
720575940616914482,True
720575940616917721,True
720575940616921152,True
720575940616923846,True
720575940616928651,True
720575940616932027,True
720575940616936285,True
720575940616940405,True
720575940616943922,True
720575940616946918,True
720575940616950161,True
720575940616952977,True
720575940616956859,True
720575940616959778,True
720575940616963229,True
720575940616967425,True
720575940616971449,True
720575940616975372,True
720575940616979542,True
720575940616982322,True
720575940616986162,True
720575940616988884,True
720575940616992891,True
720575940616997147,True
720575940617000587,True
720575940617005766,True
720575940617009714,True
720575940617011387,True
720575940617013810,True
720575940617018418,True
720575940617020962,True
720575940617024562,True
720575940617027257,True
720575940617032716,True
720575940617035153,True
720575940617037457,True
720575940617039410,True
720575940617042873,True
720575940617045435,True
720575940617048925,True
720575940617055675,True
720575940617062486,True
720575940617065689,True
720575940617068427,True
720575940617073979,True
720575940617077533,True
720575940617081468,True
720575940617088473,True
720575940617091302,True
720575940617094208,True
720575940617097755,True
720575940617101324,True
720575940617105595,True
720575940617109597,True
720575940617111308,True
720575940617113717,True
720575940617118016,True
720575940617126401,True
720575940617129177,True
720575940617134494,True
720575940617140054,True
720575940617143454,True
720575940617146513,True
720575940617150878,True
720575940617157049,True
720575940617161118,True
720575940617166882,True
720575940617172573,True
720575940617177211,True
720575940617180445,True
720575940617183778,True
720575940617187421,True
720575940617191739,True
720575940617194653,True
720575940617197140,True
720575940617201501,True
720575940617206109,True
720575940617211348,True
720575940617214075,True
720575940617217537,True
720575940617223097,True
720575940617226379,True
720575940617228603,True
720575940617235430,True
720575940617241019,True
720575940617244091,True
720575940617248395,True
720575940617251387,True
720575940617253561,True
720575940617258452,True
720575940617261910,True
720575940617266833,True
720575940617273233,True
720575940617277401,True
720575940617281141,True
720575940617283131,True
720575940617285588,True
720575940617289782,True
720575940617293268,True
720575940617296155,True
720575940617297803,True
720575940617301177,True
720575940617303857,True
720575940617306324,True
720575940617311761,True
720575940617314141,True
720575940617316537,True
720575940617319766,True
720575940617323805,True
720575940617325888,True
720575940617330971,True
720575940617334233,True
720575940617337973,True
720575940617341597,True
720575940617345753,True
720575940617351057,True
720575940617355993,True
720575940617358651,True
720575940617362772,True
720575940617366818,True
720575940617370073,True
720575940617373268,True
720575940617376310,True
720575940617379158,True
720575940617381947,True
720575940617386309,True
720575940617390107,True
720575940617393625,True
720575940617398557,True
720575940617401574,True
720575940617406937,True
720575940617410705,True
720575940617414237,True
720575940617417270,True
720575940617422238,True
720575940617424704,True
720575940617428454,True
720575940617432379,True
720575940617435478,True
720575940617440029,True
720575940617444219,True
720575940617449250,True
720575940617452761,True
720575940617456017,True
720575940617460107,True
720575940617465157,True
720575940617468811,True
720575940617471889,True
720575940617474075,True
720575940617476155,True
720575940617479681,True
720575940617483125,True
720575940617487477,True
720575940617490230,True
720575940617492822,True
720575940617495508,True
720575940617498166,True
720575940617500992,True
720575940617503377,True
720575940617508838,True
720575940617512424,True
720575940617516689,True
720575940617519773,True
720575940617524125,True
720575940617528465,True
720575940617531478,True
720575940617534438,True
720575940617538427,True
720575940617540957,True
720575940617543734,True
720575940617548427,True
720575940617552418,True
720575940617557177,True
720575940617559041,True
720575940617562072,True
720575940617566932,True
720575940617570333,True
720575940617574585,True
720575940617577401,True
720575940617580381,True
720575940617585364,True
720575940617589078,True
720575940617592793,True
720575940617594809,True
720575940617599193,True
720575940617604564,True
720575940617607129,True
720575940617611481,True
720575940617613858,True
720575940617616157,True
720575940617619457,True
720575940617622996,True
720575940617625883,True
720575940617629369,True
720575940617632414,True
720575940617636213,True
720575940617639057,True
720575940617641446,True
720575940617643810,True
720575940617646661,True
720575940617650203,True
720575940617654228,True
720575940617656721,True
720575940617662182,True
720575940617667445,True
720575940617670459,True
720575940617672565,True
720575940617674821,True
720575940617677784,True
720575940617679577,True
720575940617683156,True
720575940617686740,True
720575940617689428,True
720575940617691860,True
720575940617694694,True
720575940617699998,True
720575940617703202,True
720575940617707328,True
720575940617712273,True
720575940617715897,True
720575940617719350,True
720575940617722369,True
720575940617725268,True
720575940617727645,True
720575940617731707,True
720575940617735965,True
720575940617739088,True
720575940617744798,True
720575940617749332,True
720575940617751581,True
720575940617754653,True
720575940617757253,True
720575940617759889,True
720575940617763046,True
720575940617767937,True
720575940617773865,True
720575940617779595,True
720575940617782941,True
720575940617786113,True
720575940617789652,True
720575940617794909,True
720575940617797169,True
720575940617801499,True
720575940617804505,True
720575940617809181,True
720575940617812273,True
720575940617815481,True
720575940617818205,True
720575940617820061,True
720575940617822438,True
720575940617826397,True
720575940617830289,True
720575940617832788,True
720575940617836066,True
720575940617838553,True
720575940617841665,True
720575940617844509,True
720575940617847454,True
720575940617852884,True
720575940617855611,True
720575940617859302,True
720575940617863764,True
720575940617868249,True
720575940617871133,True
720575940617873566,True
720575940617876288,True
720575940617879993,True
720575940617884633,True
720575940617887133,True
720575940617890132,True
720575940617893461,True
720575940617897243,True
720575940617902676,True
720575940617908481,True
720575940617910411,True
720575940617912536,True
720575940617916889,True
720575940617918621,True
720575940617921861,True
720575940617924870,True
720575940617928768,True
720575940617932116,True
720575940617936030,True
720575940617938772,True
720575940617941844,True
720575940617943993,True
720575940617947675,True
720575940617950977,True
720575940617953241,True
720575940617955289,True
720575940617959729,True
720575940617965201,True
720575940617969501,True
720575940617972253,True
720575940617974942,True
720575940617977574,True
720575940617979942,True
720575940617982800,True
720575940617986589,True
720575940617989469,True
720575940617991729,True
720575940617995554,True
720575940617998548,True
720575940618001113,True
720575940618005787,True
720575940618008537,True
720575940618011622,True
720575940618014932,True
720575940618019207,True
720575940618023313,True
720575940618026821,True
720575940618029627,True
720575940618032569,True
720575940618035249,True
720575940618038017,True
720575940618040091,True
720575940618043806,True
720575940618046721,True
720575940618051237,True
720575940618052426,True
720575940618054981,True
720575940618056916,True
720575940618059547,True
720575940618063517,True
720575940618066461,True
720575940618068283,True
720575940618070365,True
720575940618073371,True
720575940618076244,True
720575940618078635,True
720575940618081209,True
720575940618083421,True
720575940618086710,True
720575940618089428,True
720575940618092249,True
720575940618095163,True
720575940618097492,True
720575940618099417,True
720575940618102555,True
720575940618106553,True
720575940618110621,True
720575940618114082,True
720575940618117305,True
720575940618120921,True
720575940618125569,True
720575940618128433,True
720575940618131505,True
720575940618133689,True
720575940618137076,True
720575940618141780,True
720575940618144635,True
720575940618146901,True
720575940618150736,True
720575940618153105,True
720575940618154726,True
720575940618157110,True
720575940618159289,True
720575940618161821,True
720575940618165341,True
720575940618167579,True
720575940618170653,True
720575940618172902,True
720575940618176379,True
720575940618179668,True
720575940618182535,True
720575940618184896,True
720575940618188859,True
720575940618190566,True
720575940618193665,True
720575940618195254,True
720575940618198233,True
720575940618200733,True
720575940618202809,True
720575940618206006,True
720575940618209088,True
720575940618212379,True
720575940618215451,True
720575940618218779,True
720575940618223577,True
720575940618225625,True
720575940618229051,True
720575940618230745,True
720575940618234297,True
720575940618236752,True
720575940618238635,True
720575940618242338,True
720575940618245569,True
720575940618248934,True
720575940618252177,True
720575940618254656,True
720575940618257620,True
720575940618260037,True
720575940618263174,True
720575940618265373,True
720575940618267239,True
720575940618270877,True
720575940618273600,True
720575940618277456,True
720575940618281401,True
720575940618284578,True
720575940618288251,True
720575940618291525,True
720575940618293716,True
720575940618295454,True
720575940618300465,True
720575940618303296,True
720575940618306469,True
720575940618310100,True
720575940618312789,True
720575940618315193,True
720575940618319394,True
720575940618322833,True
720575940618324625,True
720575940618330041,True
720575940618334649,True
720575940618337236,True
720575940618340416,True
720575940618343734,True
720575940618346013,True
720575940618350676,True
720575940618354267,True
720575940618358713,True
720575940618364166,True
720575940618366528,True
720575940618369209,True
720575940618371777,True
720575940618375965,True
720575940618379554,True
720575940618381515,True
720575940618385698,True
720575940618388993,True
720575940618392669,True
720575940618394453,True
720575940618398331,True
720575940618400216,True
720575940618402885,True
720575940618406941,True
720575940618409797,True
720575940618415249,True
720575940618419746,True
720575940618422326,True
720575940618424235,True
720575940618427997,True
720575940618431069,True
720575940618433826,True
720575940618439261,True
720575940618442726,True
720575940618444864,True
720575940618448017,True
720575940618451129,True
720575940618454941,True
720575940618459200,True
720575940618462694,True
720575940618464379,True
720575940618467513,True
720575940618469681,True
720575940618472541,True
720575940618475422,True
720575940618477806,True
720575940618481947,True
720575940618484710,True
720575940618489062,True
720575940618490929,True
720575940618494032,True
720575940618497616,True
720575940618502267,True
720575940618506155,True
720575940618510265,True
720575940618514043,True
720575940618517662,True
720575940618519941,True
720575940618523739,True
720575940618528203,True
720575940618531613,True
720575940618534977,True
720575940618538565,True
720575940618541057,True
720575940618544057,True
720575940618547254,True
720575940618549451,True
720575940618553318,True
720575940618557248,True
720575940618561209,True
720575940618562790,True
720575940618566434,True
720575940618569029,True
720575940618571333,True
720575940618574493,True
720575940618576866,True
720575940618582818,True
720575940618587170,True
720575940618590950,True
720575940618593600,True
720575940618596731,True
720575940618600246,True
720575940618602909,True
720575940618607168,True
720575940618609317,True
720575940618613125,True
720575940618615381,True
720575940618620706,True
720575940618625645,True
720575940618628386,True
720575940618631197,True
720575940618634107,True
720575940618637691,True
720575940618642054,True
720575940618647872,True
720575940618651170,True
720575940618654282,True
720575940618657616,True
720575940618662171,True
720575940618665595,True
720575940618669853,True
720575940618672155,True
720575940618675358,True
720575940618678045,True
720575940618680321,True
720575940618682782,True
720575940618685248,True
720575940618688852,True
720575940618691742,True
720575940618694827,True
720575940618698048,True
720575940618701339,True
720575940618704453,True
720575940618709184,True
720575940618711837,True
720575940618714651,True
720575940618717723,True
720575940618721053,True
720575940618723653,True
720575940618727291,True
720575940618730781,True
720575940618734107,True
720575940618736448,True
720575940618739358,True
720575940618744955,True
720575940618748445,True
720575940618751808,True
720575940618753621,True
720575940618757147,True
720575940618759128,True
720575940618761250,True
720575940618763569,True
720575940618768263,True
720575940618770625,True
720575940618773844,True
720575940618778247,True
720575940618781012,True
720575940618784109,True
720575940618787841,True
720575940618793985,True
720575940618796854,True
720575940618801179,True
720575940618805277,True
720575940618810708,True
720575940618814977,True
720575940618817403,True
720575940618819974,True
720575940618825552,True
720575940618830144,True
720575940618833840,True
720575940618838337,True
720575940618842351,True
720575940618844501,True
720575940618847691,True
720575940618851073,True
720575940618855344,True
720575940618858837,True
720575940618862400,True
720575940618865472,True
720575940618868273,True
720575940618872833,True
720575940618875819,True
720575940618878401,True
720575940618882843,True
720575940618886449,True
720575940618888368,True
720575940618891521,True
720575940618894917,True
720575940618898715,True
720575940618901675,True
720575940618904229,True
720575940618907757,True
720575940618913025,True
720575940618918173,True
720575940618922653,True
720575940618927024,True
720575940618929309,True
720575940618932737,True
720575940618935837,True
720575940618938781,True
720575940618941025,True
720575940618943389,True
720575940618946901,True
720575940618951252,True
720575940618954580,True
720575940618959576,True
720575940618963510,True
720575940618965926,True
720575940618969152,True
720575940618971227,True
720575940618975726,True
720575940618978358,True
720575940618980510,True
720575940618984431,True
720575940618986119,True
720575940618990337,True
720575940618991739,True
720575940618994880,True
720575940618997277,True
720575940619000389,True
720575940619005342,True
720575940619008192,True
720575940619011494,True
720575940619016315,True
720575940619021057,True
720575940619024542,True
720575940619028144,True
720575940619031606,True
720575940619036911,True
720575940619039771,True
720575940619042324,True
720575940619045908,True
720575940619048731,True
720575940619054144,True
720575940619056705,True
720575940619058973,True
720575940619061761,True
720575940619064389,True
720575940619066881,True
720575940619070021,True
720575940619072788,True
720575940619075437,True
720575940619077445,True
720575940619080773,True
720575940619084909,True
720575940619087307,True
720575940619090555,True
720575940619095472,True
720575940619100180,True
720575940619104539,True
720575940619107931,True
720575940619111838,True
720575940619114525,True
720575940619115845,True
720575940619119739,True
720575940619121867,True
720575940619126950,True
720575940619130909,True
720575940619134493,True
720575940619139264,True
720575940619141942,True
720575940619144733,True
720575940619147291,True
720575940619150109,True
720575940619153822,True
720575940619156565,True
720575940619160405,True
720575940619163038,True
720575940619166029,True
720575940619169752,True
720575940619172150,True
720575940619177152,True
720575940619183158,True
720575940619188544,True
720575940619192197,True
720575940619196864,True
720575940619199557,True
720575940619203909,True
720575940619209931,True
720575940619212613,True
720575940619215774,True
720575940619218752,True
720575940619221824,True
720575940619229037,True
720575940619233195,True
720575940619237499,True
720575940619240619,True
720575940619244248,True
720575940619247713,True
720575940619249761,True
720575940619252603,True
720575940619255350,True
720575940619259374,True
720575940619262331,True
720575940619266763,True
720575940619270676,True
720575940619273419,True
720575940619276668,True
720575940619280981,True
720575940619284545,True
720575940619288198,True
720575940619292741,True
720575940619295728,True
720575940619297963,True
720575940619300766,True
720575940619304212,True
720575940619308086,True
720575940619311680,True
720575940619317441,True
720575940619320768,True
720575940619324283,True
720575940619329957,True
720575940619334516,True
720575940619339712,True
720575940619344438,True
720575940619349371,True
720575940619354965,True
720575940619358885,True
720575940619363486,True
720575940619367105,True
720575940619371840,True
720575940619376331,True
720575940619380382,True
720575940619386688,True
720575940619390573,True
720575940619395777,True
720575940619401296,True
720575940619404096,True
720575940619409232,True
720575940619412037,True
720575940619415679,True
720575940619418929,True
720575940619421319,True
720575940619424421,True
720575940619428272,True
720575940619432129,True
720575940619435655,True
720575940619438661,True
720575940619442481,True
720575940619446465,True
720575940619451339,True
720575940619453831,True
720575940619456832,True
720575940619463924,True
720575940619469147,True
720575940619471525,True
720575940619477232,True
720575940619482536,True
720575940619486891,True
720575940619490507,True
720575940619496174,True
720575940619501121,True
720575940619505243,True
720575940619508033,True
720575940619513304,True
720575940619518854,True
720575940619523742,True
720575940619529432,True
720575940619531654,True
720575940619538486,True
720575940619542662,True
720575940619548799,True
720575940619551824,True
720575940619554880,True
720575940619559232,True
720575940619564709,True
720575940619569216,True
720575940619572673,True
720575940619575872,True
720575940619578352,True
720575940619582374,True
720575940619586580,True
720575940619589547,True
720575940619592102,True
720575940619596709,True
720575940619599921,True
720575940619602240,True
720575940619604756,True
720575940619607431,True
720575940619610584,True
720575940619614272,True
720575940619616566,True
720575940619620811,True
720575940619624630,True
720575940619627611,True
720575940619631064,True
720575940619636382,True
720575940619637845,True
720575940619640699,True
720575940619644911,True
720575940619648116,True
720575940619651920,True
720575940619654720,True
720575940619657989,True
720575940619661551,True
720575940619664344,True
720575940619668206,True
720575940619670465,True
720575940619674606,True
720575940619676269,True
720575940619679111,True
720575940619681600,True
720575940619683610,True
720575940619686064,True
720575940619688533,True
720575940619691569,True
720575940619694016,True
720575940619696660,True
720575940619699316,True
720575940619703606,True
720575940619706827,True
720575940619710117,True
720575940619713334,True
720575940619715719,True
720575940619718454,True
720575940619722516,True
720575940619724937,True
720575940619728037,True
720575940619730853,True
720575940619734219,True
720575940619737222,True
720575940619740363,True
720575940619742878,True
720575940619746171,True
720575940619749767,True
720575940619753419,True
720575940619756411,True
720575940619758213,True
720575940619761072,True
720575940619763915,True
720575940619766430,True
720575940619767974,True
720575940619771441,True
720575940619775355,True
720575940619779126,True
720575940619781814,True
720575940619784545,True
720575940619789227,True
720575940619792961,True
720575940619795533,True
720575940619800560,True
720575940619804107,True
720575940619807793,True
720575940619812145,True
720575940619814872,True
720575940619820368,True
720575940619822957,True
720575940619827905,True
720575940619831243,True
720575940619834094,True
720575940619837829,True
720575940619840305,True
720575940619842901,True
720575940619845169,True
720575940619846966,True
720575940619850411,True
720575940619856464,True
720575940619859915,True
720575940619863120,True
720575940619865941,True
720575940619868062,True
720575940619872238,True
720575940619873995,True
720575940619877396,True
720575940619880758,True
720575940619884593,True
720575940619888843,True
720575940619891536,True
720575940619896047,True
720575940619899014,True
720575940619901376,True
720575940619904859,True
720575940619906925,True
720575940619909592,True
720575940619913221,True
720575940619915992,True
720575940619919696,True
720575940619922742,True
720575940619925328,True
720575940619928417,True
720575940619930161,True
720575940619933269,True
720575940619936566,True
720575940619938384,True
720575940619941681,True
720575940619944363,True
720575940619947600,True
720575940619953275,True
720575940619955393,True
720575940619961168,True
720575940619964655,True
720575940619966587,True
720575940619968561,True
720575940619969659,True
720575940619972446,True
720575940619975765,True
720575940619978968,True
720575940619982501,True
720575940619984731,True
720575940619986676,True
720575940619990357,True
720575940619992852,True
720575940619996404,True
720575940619998228,True
720575940620001360,True
720575940620003776,True
720575940620007589,True
720575940620010887,True
720575940620012526,True
720575940620014868,True
720575940620016725,True
720575940620019265,True
720575940620021046,True
720575940620024405,True
720575940620027096,True
720575940620030191,True
720575940620031680,True
720575940620033590,True
720575940620035382,True
720575940620037456,True
720575940620040780,True
720575940620043143,True
720575940620045317,True
720575940620048148,True
720575940620051580,True
720575940620054278,True
720575940620056852,True
720575940620059425,True
720575940620062110,True
720575940620065901,True
720575940620069323,True
720575940620073711,True
720575940620076248,True
720575940620078215,True
720575940620082096,True
720575940620085115,True
720575940620087888,True
720575940620091550,True
720575940620095061,True
720575940620096518,True
720575940620101243,True
720575940620103582,True
720575940620106480,True
720575940620110151,True
720575940620113457,True
720575940620115694,True
720575940620118608,True
720575940620120256,True
720575940620123015,True
720575940620124326,True
720575940620127041,True
720575940620129961,True
720575940620132116,True
720575940620135259,True
720575940620139124,True
720575940620140411,True
720575940620144251,True
720575940620147672,True
720575940620149836,True
720575940620153765,True
720575940620156551,True
720575940620158379,True
720575940620160341,True
720575940620165285,True
720575940620169607,True
720575940620173191,True
720575940620175040,True
720575940620178141,True
720575940620180603,True
720575940620182305,True
720575940620183973,True
720575940620187995,True
720575940620191508,True
720575940620195032,True
720575940620197759,True
720575940620200283,True
720575940620202405,True
720575940620204726,True
720575940620206529,True
720575940620210854,True
720575940620214443,True
720575940620219329,True
720575940620222034,True
720575940620224216,True
720575940620226324,True
720575940620228006,True
720575940620230497,True
720575940620233381,True
720575940620236270,True
720575940620241031,True
720575940620243621,True
720575940620245952,True
720575940620248769,True
720575940620251608,True
720575940620254829,True
720575940620257300,True
720575940620261467,True
720575940620263592,True
720575940620266406,True
720575940620271636,True
720575940620273573,True
720575940620276144,True
720575940620281048,True
720575940620283864,True
720575940620287820,True
720575940620292401,True
720575940620297607,True
720575940620300167,True
720575940620303040,True
720575940620305246,True
720575940620307806,True
720575940620311461,True
720575940620314246,True
720575940620316766,True
720575940620319329,True
720575940620320884,True
720575940620323649,True
720575940620326872,True
720575940620330545,True
720575940620333038,True
720575940620336154,True
720575940620338159,True
720575940620341163,True
720575940620343345,True
720575940620346305,True
720575940620348342,True
720575940620350844,True
720575940620353520,True
720575940620354987,True
720575940620357597,True
720575940620360769,True
720575940620363885,True
720575940620367854,True
720575940620371371,True
720575940620375796,True
720575940620379924,True
720575940620382704,True
720575940620385556,True
720575940620390127,True
720575940620393643,True
720575940620397733,True
720575940620402085,True
720575940620405780,True
720575940620408596,True
720575940620411764,True
720575940620414794,True
720575940620416960,True
720575940620418987,True
720575940620422012,True
720575940620423765,True
720575940620428112,True
720575940620430983,True
720575940620435158,True
720575940620437451,True
720575940620439723,True
720575940620441876,True
720575940620443764,True
720575940620446228,True
720575940620448639,True
720575940620451800,True
720575940620454384,True
720575940620457813,True
720575940620459910,True
720575940620462177,True
720575940620464321,True
720575940620467365,True
720575940620470987,True
720575940620473620,True
720575940620475015,True
720575940620476748,True
720575940620478996,True
720575940620481585,True
720575940620485029,True
720575940620489094,True
720575940620491654,True
720575940620493361,True
720575940620495830,True
720575940620497279,True
720575940620500801,True
720575940620505153,True
720575940620507862,True
720575940620510811,True
720575940620512391,True
720575940620514763,True
720575940620517511,True
720575940620519941,True
720575940620522433,True
720575940620525076,True
720575940620528475,True
720575940620532206,True
720575940620534255,True
720575940620537048,True
720575940620538965,True
720575940620541776,True
720575940620544182,True
720575940620547019,True
720575940620550240,True
720575940620552308,True
720575940620553921,True
720575940620556966,True
720575940620559553,True
720575940620561761,True
720575940620564673,True
720575940620566808,True
720575940620568536,True
720575940620570989,True
720575940620573037,True
720575940620575085,True
720575940620576238,True
720575940620578269,True
720575940620581893,True
720575940620584795,True
720575940620587435,True
720575940620589147,True
720575940620591320,True
720575940620593345,True
720575940620595393,True
720575940620597232,True
720575940620599467,True
720575940620602721,True
720575940620604888,True
720575940620606342,True
720575940620608365,True
720575940620609365,True
720575940620612101,True
720575940620613717,True
720575940620616129,True
720575940620620385,True
720575940620622272,True
720575940620624190,True
720575940620626159,True
720575940620628161,True
720575940620631243,True
720575940620633560,True
720575940620636632,True
720575940620639050,True
720575940620642182,True
720575940620643823,True
720575940620646639,True
720575940620649409,True
720575940620651179,True
720575940620653377,True
720575940620655169,True
720575940620656731,True
720575940620658054,True
720575940620660212,True
720575940620662866,True
720575940620665665,True
720575940620667608,True
720575940620670558,True
720575940620672609,True
720575940620674125,True
720575940620676449,True
720575940620679173,True
720575940620680640,True
720575940620683373,True
720575940620685397,True
720575940620686784,True
720575940620688981,True
720575940620690708,True
720575940620692103,True
720575940620694858,True
720575940620696454,True
720575940620698448,True
720575940620699887,True
720575940620702155,True
720575940620703983,True
720575940620705556,True
720575940620707649,True
720575940620710337,True
720575940620712784,True
720575940620714886,True
720575940620716897,True
720575940620719064,True
720575940620720560,True
720575940620722267,True
720575940620724417,True
720575940620726232,True
720575940620728997,True
720575940620731380,True
720575940620733716,True
720575940620736171,True
720575940620739494,True
720575940620741485,True
720575940620743883,True
720575940620745176,True
720575940620746478,True
720575940620749249,True
720575940620751494,True
720575940620754089,True
720575940620755950,True
720575940620759136,True
720575940620762758,True
720575940620765574,True
720575940620767317,True
720575940620768862,True
720575940620772688,True
720575940620774534,True
720575940620776959,True
720575940620778662,True
720575940620780934,True
720575940620784321,True
720575940620787078,True
720575940620790256,True
720575940620792926,True
720575940620795375,True
720575940620798284,True
720575940620801701,True
720575940620804434,True
720575940620806992,True
720575940620809387,True
720575940620811656,True
720575940620813989,True
720575940620816007,True
720575940620818261,True
720575940620821274,True
720575940620823796,True
720575940620826492,True
720575940620828399,True
720575940620830635,True
720575940620833106,True
720575940620836043,True
720575940620840327,True
720575940620842516,True
720575940620844783,True
720575940620847981,True
720575940620851026,True
720575940620855676,True
720575940620857680,True
720575940620859886,True
720575940620861888,True
720575940620863820,True
720575940620866544,True
720575940620869040,True
720575940620872225,True
720575940620874223,True
720575940620876668,True
720575940620879024,True
720575940620880878,True
720575940620882671,True
720575940620884683,True
720575940620886893,True
720575940620889582,True
720575940620892342,True
720575940620894913,True
720575940620897227,True
720575940620899967,True
720575940620901870,True
720575940620904557,True
720575940620906516,True
720575940620909483,True
720575940620910939,True
720575940620912293,True
720575940620914823,True
720575940620917119,True
720575940620918875,True
720575940620921424,True
720575940620922790,True
720575940620925934,True
720575940620927472,True
720575940620929238,True
720575940620931750,True
720575940620933485,True
720575940620936283,True
720575940620937897,True
720575940620939723,True
720575940620942062,True
720575940620946054,True
720575940620947981,True
720575940620950042,True
720575940620952948,True
720575940620954351,True
720575940620955457,True
720575940620957643,True
720575940620959258,True
720575940620961974,True
720575940620965313,True
720575940620968016,True
720575940620970177,True
720575940620971611,True
720575940620973141,True
720575940620975751,True
720575940620979149,True
720575940620980390,True
720575940620982049,True
720575940620984558,True
720575940620987574,True
720575940620990049,True
720575940620992773,True
720575940620995660,True
720575940620998997,True
720575940621002593,True
720575940621004966,True
720575940621007384,True
720575940621009505,True
720575940621011696,True
720575940621013840,True
720575940621016685,True
720575940621018790,True
720575940621020598,True
720575940621022046,True
720575940621023926,True
720575940621025872,True
720575940621029255,True
720575940621033477,True
720575940621036782,True
720575940621040148,True
720575940621042270,True
720575940621044207,True
720575940621046742,True
720575940621050228,True
720575940621052352,True
720575940621054958,True
720575940621057957,True
720575940621060705,True
720575940621062861,True
720575940621065281,True
720575940621066776,True
720575940621069812,True
720575940621072297,True
720575940621073903,True
720575940621077126,True
720575940621079381,True
720575940621082049,True
720575940621083995,True
720575940621086299,True
720575940621087983,True
720575940621089960,True
720575940621092372,True
720575940621094336,True
720575940621096801,True
720575940621098069,True
720575940621100382,True
720575940621102913,True
720575940621105985,True
720575940621107590,True
720575940621109953,True
720575940621111745,True
720575940621114974,True
720575940621117121,True
720575940621119414,True
720575940621121190,True
720575940621123113,True
720575940621125511,True
720575940621127851,True
720575940621129569,True
720575940621132423,True
720575940621135275,True
720575940621137318,True
720575940621139439,True
720575940621142081,True
720575940621145332,True
720575940621147588,True
720575940621149350,True
720575940621150561,True
720575940621153916,True
720575940621157140,True
720575940621161640,True
720575940621163841,True
720575940621166251,True
720575940621168449,True
720575940621170369,True
720575940621173025,True
720575940621175979,True
720575940621179329,True
720575940621181678,True
720575940621183587,True
720575940621185926,True
720575940621189473,True
720575940621192368,True
720575940621194501,True
720575940621197294,True
720575940621200993,True
720575940621202670,True
720575940621204463,True
720575940621208385,True
720575940621211782,True
720575940621215809,True
720575940621218694,True
720575940621222278,True
720575940621225910,True
720575940621228168,True
720575940621229915,True
720575940621231553,True
720575940621233157,True
720575940621235988,True
720575940621238098,True
720575940621241072,True
720575940621243073,True
720575940621245805,True
720575940621249007,True
720575940621251818,True
720575940621253708,True
720575940621256212,True
720575940621259875,True
720575940621261744,True
720575940621263966,True
720575940621266017,True
720575940621268830,True
720575940621270292,True
720575940621272998,True
720575940621275374,True
720575940621277790,True
720575940621280801,True
720575940621283931,True
720575940621285552,True
720575940621288230,True
720575940621291440,True
720575940621294246,True
720575940621296006,True
720575940621298597,True
720575940621302437,True
720575940621304235,True
720575940621306607,True
720575940621308341,True
720575940621311871,True
720575940621313473,True
720575940621315604,True
720575940621318420,True
720575940621321057,True
720575940621323870,True
720575940621325338,True
720575940621327213,True
720575940621329856,True
720575940621332102,True
720575940621334363,True
720575940621336873,True
720575940621338027,True
720575940621339924,True
720575940621342902,True
720575940621344859,True
720575940621346932,True
720575940621349313,True
720575940621351302,True
720575940621353638,True
720575940621354888,True
720575940621357552,True
720575940621360222,True
720575940621362671,True
720575940621364872,True
720575940621367216,True
720575940621369536,True
720575940621371557,True
720575940621373680,True
720575940621375983,True
720575940621378651,True
720575940621380646,True
720575940621382932,True
720575940621385716,True
720575940621387429,True
720575940621390889,True
720575940621392219,True
720575940621395183,True
720575940621396718,True
720575940621398255,True
720575940621399534,True
720575940621401280,True
720575940621403887,True
720575940621406341,True
720575940621409916,True
720575940621413286,True
720575940621414565,True
720575940621417437,True
720575940621420609,True
720575940621422518,True
720575940621424148,True
720575940621426300,True
720575940621429757,True
720575940621432444,True
720575940621434333,True
720575940621436654,True
720575940621438964,True
720575940621442124,True
720575940621444869,True
720575940621446772,True
720575940621448374,True
720575940621449893,True
720575940621452065,True
720575940621454518,True
720575940621457079,True
720575940621460870,True
720575940621462797,True
720575940621466637,True
720575940621469350,True
720575940621472176,True
720575940621474736,True
720575940621477312,True
720575940621479595,True
720575940621482678,True
720575940621485552,True
720575940621488225,True
720575940621490036,True
720575940621492044,True
720575940621495329,True
720575940621498740,True
720575940621501380,True
720575940621504239,True
720575940621506684,True
720575940621508101,True
720575940621510825,True
720575940621513036,True
720575940621515190,True
720575940621517918,True
720575940621521422,True
720575940621522671,True
720575940621527167,True
720575940621529435,True
720575940621532413,True
720575940621535403,True
720575940621538142,True
720575940621540544,True
720575940621543302,True
720575940621545606,True
720575940621547190,True
720575940621548891,True
720575940621551220,True
720575940621553577,True
720575940621555565,True
720575940621557859,True
720575940621561226,True
720575940621563892,True
720575940621566555,True
720575940621568892,True
720575940621570542,True
720575940621572443,True
720575940621573547,True
720575940621576063,True
720575940621578667,True
720575940621581409,True
720575940621582794,True
720575940621585507,True
720575940621587846,True
720575940621589357,True
720575940621591131,True
720575940621593626,True
720575940621595312,True
720575940621597679,True
720575940621599245,True
720575940621601857,True
720575940621603444,True
720575940621605485,True
720575940621607046,True
720575940621608481,True
720575940621610678,True
720575940621612897,True
720575940621615198,True
720575940621616806,True
720575940621618859,True
720575940621622310,True
720575940621623723,True
720575940621626049,True
720575940621628144,True
720575940621630902,True
720575940621634438,True
720575940621636534,True
720575940621638593,True
720575940621640175,True
720575940621641588,True
720575940621642630,True
720575940621644737,True
720575940621647948,True
720575940621649857,True
720575940621651694,True
720575940621655686,True
720575940621656815,True
720575940621659114,True
720575940621661062,True
720575940621662401,True
720575940621665886,True
720575940621668120,True
720575940621670235,True
720575940621673606,True
720575940621674890,True
720575940621677702,True
720575940621678957,True
720575940621681020,True
720575940621683494,True
720575940621686107,True
720575940621688414,True
720575940621689838,True
720575940621692251,True
720575940621694657,True
720575940621696750,True
720575940621700080,True
720575940621701846,True
720575940621704686,True
720575940621706480,True
720575940621709317,True
720575940621711642,True
720575940621714047,True
720575940621716833,True
720575940621719832,True
720575940621723004,True
720575940621725428,True
720575940621727982,True
720575940621730480,True
720575940621731675,True
720575940621733853,True
720575940621737569,True
720575940621739713,True
720575940621742972,True
720575940621744987,True
720575940621748212,True
720575940621749631,True
720575940621752001,True
720575940621753921,True
720575940621755888,True
720575940621758490,True
720575940621760422,True
720575940621762330,True
720575940621764518,True
720575940621765846,True
720575940621767181,True
720575940621769204,True
720575940621771502,True
720575940621774360,True
720575940621776410,True
720575940621778158,True
720575940621780001,True
720575940621781773,True
720575940621783646,True
720575940621785983,True
720575940621788492,True
720575940621790902,True
720575940621792606,True
720575940621794586,True
720575940621797726,True
720575940621799407,True
720575940621801456,True
720575940621802934,True
720575940621804532,True
720575940621806445,True
720575940621808227,True
720575940621810497,True
720575940621811803,True
720575940621814092,True
720575940621816140,True
720575940621818259,True
720575940621819980,True
720575940621823103,True
720575940621825514,True
720575940621828080,True
720575940621829302,True
720575940621832542,True
720575940621835174,True
720575940621836897,True
720575940621839457,True
720575940621842275,True
720575940621845530,True
720575940621849699,True
720575940621852225,True
720575940621854135,True
720575940621857524,True
720575940621860461,True
720575940621863006,True
720575940621866108,True
720575940621869918,True
720575940621871999,True
720575940621876830,True
720575940621880496,True
720575940621882689,True
720575940621885556,True
720575940621887654,True
720575940621889462,True
720575940621891905,True
720575940621894750,True
720575940621896653,True
720575940621898928,True
720575940621901677,True
720575940621904227,True
720575940621906470,True
720575940621909739,True
720575940621913727,True
720575940621916952,True
720575940621919940,True
720575940621921901,True
720575940621923711,True
720575940621926310,True
720575940621929571,True
720575940621931460,True
720575940621935457,True
720575940621937846,True
720575940621942256,True
720575940621944897,True
720575940621947233,True
720575940621949022,True
720575940621950573,True
720575940621952577,True
720575940621955455,True
720575940621957011,True
720575940621958977,True
720575940621961315,True
720575940621964784,True
720575940621968116,True
720575940621971126,True
720575940621973018,True
720575940621975462,True
720575940621978365,True
720575940621983398,True
720575940621986428,True
720575940621989417,True
720575940621994736,True
720575940621996570,True
720575940621999393,True
720575940622002598,True
720575940622005086,True
720575940622007322,True
720575940622010039,True
720575940622013097,True
720575940622015635,True
720575940622017633,True
720575940622020122,True
720575940622022209,True
720575940622025548,True
720575940622028404,True
720575940622029990,True
720575940622033110,True
720575940622035859,True
720575940622037942,True
720575940622040419,True
720575940622042100,True
720575940622044307,True
720575940622046633,True
720575940622050428,True
720575940622052586,True
720575940622054832,True
720575940622056692,True
720575940622058623,True
720575940622060897,True
720575940622063713,True
720575940622065642,True
720575940622067165,True
720575940622069492,True
720575940622071412,True
720575940622073270,True
720575940622075681,True
720575940622078049,True
720575940622080865,True
720575940622082729,True
720575940622084681,True
720575940622086170,True
720575940622087721,True
720575940622089195,True
720575940622091340,True
720575940622093183,True
720575940622096324,True
720575940622099405,True
720575940622101942,True
720575940622103078,True
720575940622105438,True
720575940622106790,True
720575940622108584,True
720575940622110529,True
720575940622112182,True
720575940622114145,True
720575940622116301,True
720575940622117921,True
720575940622120798,True
720575940622123177,True
720575940622125428,True
720575940622127088,True
720575940622128586,True
720575940622130646,True
720575940622132662,True
720575940622134960,True
720575940622136573,True
720575940622138718,True
720575940622140680,True
720575940622143273,True
720575940622145449,True
720575940622148393,True
720575940622150614,True
720575940622153204,True
720575940622156040,True
720575940622158369,True
720575940622161366,True
720575940622164735,True
720575940622167329,True
720575940622171007,True
720575940622173790,True
720575940622175913,True
720575940622178940,True
720575940622182170,True
720575940622184701,True
720575940622186334,True
720575940622189388,True
720575940622190708,True
720575940622193217,True
720575940622195382,True
720575940622198298,True
720575940622199593,True
720575940622201112,True
720575940622203049,True
720575940622204808,True
720575940622206725,True
720575940622209206,True
720575940622211012,True
720575940622213185,True
720575940622215779,True
720575940622217281,True
720575940622218785,True
720575940622220551,True
720575940622222921,True
720575940622224884,True
720575940622227197,True
720575940622228918,True
720575940622231924,True
720575940622234700,True
720575940622236671,True
720575940622239553,True
720575940622242053,True
720575940622245127,True
720575940622247551,True
720575940622250120,True
720575940622252097,True
720575940622255937,True
720575940622258526,True
720575940622260741,True
720575940622263821,True
720575940622266025,True
720575940622268454,True
720575940622269693,True
720575940622272076,True
720575940622274124,True
720575940622276365,True
720575940622278527,True
720575940622281412,True
720575940622284037,True
720575940622286625,True
720575940622288666,True
720575940622291632,True
720575940622294237,True
720575940622296692,True
720575940622298793,True
720575940622301162,True
720575940622302758,True
720575940622305449,True
720575940622307096,True
720575940622310170,True
720575940622312105,True
720575940622314205,True
720575940622316412,True
720575940622318174,True
720575940622319898,True
720575940622321953,True
720575940622325174,True
720575940622329072,True
720575940622331274,True
720575940622333027,True
720575940622334646,True
720575940622335749,True
720575940622338742,True
720575940622341921,True
720575940622343804,True
720575940622345471,True
720575940622348156,True
720575940622350156,True
720575940622351996,True
720575940622353185,True
720575940622355226,True
720575940622356950,True
720575940622359536,True
720575940622362650,True
720575940622364201,True
720575940622365991,True
720575940622367529,True
720575940622369140,True
720575940622371077,True
720575940622374896,True
720575940622377343,True
720575940622379582,True
720575940622382320,True
720575940622384311,True
720575940622387850,True
720575940622390230,True
720575940622392534,True
720575940622395260,True
720575940622397567,True
720575940622399564,True
720575940622402544,True
720575940622403976,True
720575940622406271,True
720575940622410153,True
720575940622413300,True
720575940622416628,True
720575940622420812,True
720575940622425271,True
720575940622429772,True
720575940622432895,True
720575940622435845,True
720575940622438220,True
720575940622440486,True
720575940622442364,True
720575940622444179,True
720575940622446227,True
720575940622448531,True
720575940622450164,True
720575940622452006,True
720575940622456039,True
720575940622457235,True
720575940622461149,True
720575940622462580,True
720575940622464636,True
720575940622467293,True
720575940622470170,True
720575940622473221,True
720575940622475248,True
720575940622476682,True
720575940622479228,True
720575940622481065,True
720575940622484212,True
720575940622486817,True
720575940622489727,True
720575940622492808,True
720575940622495604,True
720575940622498952,True
720575940622501611,True
720575940622504831,True
720575940622509565,True
720575940622511507,True
720575940622514047,True
720575940622515839,True
720575940622516741,True
720575940622518197,True
720575940622519773,True
720575940622521377,True
720575940622524492,True
720575940622527446,True
720575940622531060,True
720575940622534524,True
720575940622537456,True
720575940622540179,True
720575940622543996,True
720575940622547208,True
720575940622550089,True
720575940622552393,True
720575940622556799,True
720575940622559843,True
720575940622562081,True
720575940622564869,True
720575940622569001,True
720575940622573089,True
720575940622575754,True
720575940622578985,True
720575940622581709,True
720575940622585164,True
720575940622587980,True
720575940622590558,True
720575940622592636,True
720575940622594292,True
720575940622596777,True
720575940622599914,True
720575940622603597,True
720575940622606666,True
720575940622610183,True
720575940622612989,True
720575940622615254,True
720575940622618867,True
720575940622620705,True
720575940622622889,True
720575940622625279,True
720575940622627610,True
720575940622629047,True
720575940622631351,True
720575940622632925,True
720575940622635734,True
720575940622637552,True
720575940622639181,True
720575940622642663,True
720575940622646486,True
720575940622648541,True
720575940622650582,True
720575940622652365,True
720575940622655181,True
720575940622657285,True
720575940622659422,True
720575940622661360,True
720575940622664474,True
720575940622666933,True
720575940622668295,True
720575940622670874,True
720575940622672349,True
720575940622674646,True
720575940622675973,True
720575940622678768,True
720575940622681351,True
720575940622683681,True
720575940622685534,True
720575940622687880,True
720575940622690633,True
720575940622692378,True
720575940622694069,True
720575940622696447,True
720575940622699504,True
720575940622702576,True
720575940622704922,True
720575940622707670,True
720575940622710366,True
720575940622712414,True
720575940622714119,True
720575940622717389,True
720575940622719237,True
720575940622721032,True
720575940622723059,True
720575940622724905,True
720575940622726664,True
720575940622728157,True
720575940622729909,True
720575940622732528,True
720575940622734835,True
720575940622736934,True
720575940622738505,True
720575940622740208,True
720575940622743646,True
720575940622746150,True
720575940622748599,True
720575940622751984,True
720575940622754342,True
720575940622757078,True
720575940622760269,True
720575940622762120,True
720575940622765508,True
720575940622769080,True
720575940622771881,True
720575940622773929,True
720575940622776325,True
720575940622779397,True
720575940622780442,True
720575940622783368,True
720575940622785374,True
720575940622787293,True
720575940622789409,True
720575940622790682,True
720575940622793255,True
720575940622797244,True
720575940622801279,True
720575940622804237,True
720575940622805798,True
720575940622807646,True
720575940622810117,True
720575940622812287,True
720575940622815493,True
720575940622819765,True
720575940622821731,True
720575940622823719,True
720575940622827525,True
720575940622829601,True
720575940622833622,True
720575940622837272,True
720575940622839585,True
720575940622841468,True
720575940622844597,True
720575940622847749,True
720575940622852045,True
720575940622855638,True
720575940622858529,True
720575940622860788,True
720575940622863850,True
720575940622865800,True
720575940622868957,True
720575940622872140,True
720575940622876492,True
720575940622879245,True
720575940622880332,True
720575940622882081,True
720575940622886413,True
720575940622889451,True
720575940622892045,True
720575940622893662,True
720575940622896041,True
720575940622897639,True
720575940622899494,True
720575940622901274,True
720575940622904158,True
720575940622906867,True
720575940622908941,True
720575940622911493,True
720575940622912964,True
720575940622915060,True
720575940622918911,True
720575940622922008,True
720575940622925972,True
720575940622928739,True
720575940622930134,True
720575940622932297,True
720575940622934601,True
720575940622936811,True
720575940622939869,True
720575940622942196,True
720575940622944261,True
720575940622945515,True
720575940622947475,True
720575940622949846,True
720575940622951450,True
720575940622955363,True
720575940622958294,True
720575940622960764,True
720575940622962923,True
720575940622965213,True
720575940622968573,True
720575940622971174,True
720575940622973701,True
720575940622975379,True
720575940622977002,True
720575940622979805,True
720575940622981325,True
720575940622983081,True
720575940622985997,True
720575940622988582,True
720575940622993131,True
720575940622995080,True
720575940622997274,True
720575940622998763,True
720575940623000614,True
720575940623002805,True
720575940623004677,True
720575940623006647,True
720575940623009050,True
720575940623010518,True
720575940623012613,True
720575940623015245,True
720575940623017181,True
720575940623018778,True
720575940623021667,True
720575940623023145,True
720575940623026357,True
720575940623028263,True
720575940623032333,True
720575940623035742,True
720575940623037353,True
720575940623039672,True
720575940623041772,True
720575940623043307,True
720575940623045267,True
720575940623047629,True
720575940623048662,True
720575940623051388,True
720575940623053225,True
720575940623055198,True
720575940623057688,True
720575940623060104,True
720575940623062453,True
720575940623064865,True
720575940623066392,True
720575940623067980,True
720575940623070429,True
720575940623072867,True
720575940623075105,True
720575940623078071,True
720575940623081449,True
720575940623083340,True
720575940623086435,True
720575940623087821,True
720575940623089446,True
720575940623091165,True
720575940623093784,True
720575940623096077,True
720575940623099772,True
720575940623101675,True
720575940623104280,True
720575940623107148,True
720575940623110313,True
720575940623112397,True
720575940623115015,True
720575940623116620,True
720575940623119454,True
720575940623122175,True
720575940623124917,True
720575940623126152,True
720575940623128965,True
720575940623131177,True
720575940623132621,True
720575940623133976,True
720575940623135587,True
720575940623137306,True
720575940623138559,True
720575940623140051,True
720575940623142378,True
720575940623144141,True
720575940623146078,True
720575940623148108,True
720575940623149607,True
720575940623151357,True
720575940623153149,True
720575940623155917,True
720575940623158709,True
720575940623160583,True
720575940623162401,True
720575940623165197,True
720575940623166471,True
720575940623168297,True
720575940623171939,True
720575940623175438,True
720575940623178957,True
720575940623180577,True
720575940623182156,True
720575940623183996,True
720575940623186884,True
720575940623189025,True
720575940623190089,True
720575940623192077,True
720575940623194151,True
720575940623197183,True
720575940623199882,True
720575940623202045,True
720575940623204339,True
720575940623207885,True
720575940623210281,True
720575940623213055,True
720575940623214861,True
720575940623217869,True
720575940623220372,True
720575940623222822,True
720575940623224344,True
720575940623226259,True
720575940623228927,True
720575940623232392,True
720575940623234963,True
720575940623236844,True
720575940623240060,True
720575940623243402,True
720575940623246029,True
720575940623248520,True
720575940623252164,True
720575940623253223,True
720575940623255821,True
720575940623257869,True
720575940623260853,True
720575940623262461,True
720575940623264906,True
720575940623268877,True
720575940623271894,True
720575940623274760,True
720575940623276988,True
720575940623279821,True
720575940623281885,True
720575940623284420,True
720575940623287228,True
720575940623289532,True
720575940623291647,True
720575940623294249,True
720575940623296477,True
720575940623299549,True
720575940623302596,True
720575940623304906,True
720575940623306739,True
720575940623309960,True
720575940623312333,True
720575940623314252,True
720575940623315836,True
720575940623318408,True
720575940623320396,True
720575940623322877,True
720575940623324109,True
720575940623325772,True
720575940623328231,True
720575940623330062,True
720575940623332232,True
720575940623334268,True
720575940623337471,True
720575940623339146,True
720575940623343117,True
720575940623344854,True
720575940623346473,True
720575940623349784,True
720575940623352269,True
720575940623354348,True
720575940623356652,True
720575940623359820,True
720575940623362380,True
720575940623363987,True
720575940623366268,True
720575940623368900,True
720575940623371204,True
720575940623374377,True
720575940623376716,True
720575940623379750,True
720575940623381578,True
720575940623384831,True
720575940623387372,True
720575940623389405,True
720575940623392041,True
720575940623393771,True
720575940623396488,True
720575940623398438,True
720575940623401352,True
720575940623403469,True
720575940623405948,True
720575940623408589,True
720575940623410961,True
720575940623414604,True
720575940623417480,True
720575940623420651,True
720575940623422344,True
720575940623425097,True
720575940623426952,True
720575940623429610,True
720575940623432572,True
720575940623434060,True
720575940623436285,True
720575940623438377,True
720575940623440086,True
720575940623441387,True
720575940623442824,True
720575940623444189,True
720575940623445709,True
720575940623447628,True
720575940623449783,True
720575940623452307,True
720575940623454916,True
720575940623457535,True
720575940623458840,True
720575940623462328,True
720575940623464150,True
720575940623465098,True
720575940623467222,True
720575940623469034,True
720575940623472854,True
720575940623475592,True
720575940623478154,True
720575940623481980,True
720575940623483903,True
720575940623486090,True
720575940623489791,True
720575940623492632,True
720575940623494861,True
720575940623496265,True
720575940623498476,True
720575940623499411,True
720575940623502119,True
720575940623503945,True
720575940623505845,True
720575940623508211,True
720575940623510140,True
720575940623512004,True
720575940623515160,True
720575940623518867,True
720575940623521003,True
720575940623522857,True
720575940623524819,True
720575940623527143,True
720575940623529315,True
720575940623531032,True
720575940623533459,True
720575940623536086,True
720575940623538249,True
720575940623540182,True
720575940623543236,True
720575940623545565,True
720575940623547160,True
720575940623548883,True
720575940623551684,True
720575940623554748,True
720575940623557926,True
720575940623560328,True
720575940623563229,True
720575940623566780,True
720575940623570943,True
720575940623573907,True
720575940623578260,True
720575940623580659,True
720575940623582819,True
720575940623585767,True
720575940623589770,True
720575940623592124,True
720575940623594378,True
720575940623598311,True
720575940623601993,True
720575940623605286,True
720575940623606419,True
720575940623608856,True
720575940623611491,True
720575940623614344,True
720575940623617973,True
720575940623620095,True
720575940623622694,True
720575940623626445,True
720575940623628076,True
720575940623631031,True
720575940623633885,True
720575940623636701,True
720575940623638419,True
720575940623640600,True
720575940623642904,True
720575940623645965,True
720575940623648221,True
720575940623650857,True
720575940623653256,True
720575940623656328,True
720575940623660740,True
720575940623663821,True
720575940623666835,True
720575940623670164,True
720575940623673331,True
720575940623675831,True
720575940623680136,True
720575940623682045,True
720575940623684366,True
720575940623686877,True
720575940623689194,True
720575940623692326,True
720575940623696152,True
720575940623698372,True
720575940623701436,True
720575940623705368,True
720575940623707656,True
720575940623712973,True
720575940623715369,True
720575940623719304,True
720575940623721195,True
720575940623724329,True
720575940623725773,True
720575940623728910,True
720575940623731125,True
720575940623733709,True
720575940623736617,True
720575940623738859,True
720575940623742090,True
720575940623744255,True
720575940623746708,True
720575940623748277,True
720575940623750325,True
720575940623755305,True
720575940623758377,True
720575940623762058,True
720575940623765432,True
720575940623768840,True
720575940623772612,True
720575940623775370,True
720575940623777771,True
720575940623779978,True
720575940623782670,True
720575940623784955,True
720575940623787533,True
720575940623789704,True
720575940623791615,True
720575940623794456,True
720575940623797773,True
720575940623800516,True
720575940623803114,True
720575940623805448,True
720575940623808526,True
720575940623811268,True
720575940623815155,True
720575940623817735,True
720575940623820787,True
720575940623824106,True
720575940623826580,True
720575940623828924,True
720575940623830675,True
720575940623833068,True
720575940623835784,True
720575940623839782,True
720575940623842236,True
720575940623846157,True
720575940623848973,True
720575940623851751,True
720575940623854311,True
720575940623856363,True
720575940623858628,True
720575940623861962,True
720575940623863590,True
720575940623865624,True
720575940623868391,True
720575940623871502,True
720575940623873259,True
720575940623876327,True
720575940623878122,True
720575940623879779,True
720575940623881619,True
720575940623883412,True
720575940623885861,True
720575940623887565,True
720575940623890058,True
720575940623891943,True
720575940623894666,True
720575940623897101,True
720575940623898406,True
720575940623900259,True
720575940623901965,True
720575940623904392,True
720575940623905779,True
720575940623908871,True
720575940623911753,True
720575940623914509,True
720575940623916213,True
720575940623919287,True
720575940623921677,True
720575940623924429,True
720575940623927303,True
720575940623928516,True
720575940623930665,True
720575940623934100,True
720575940623936253,True
720575940623938311,True
720575940623940622,True
720575940623943316,True
720575940623945404,True
720575940623948170,True
720575940623949668,True
720575940623951591,True
720575940623954893,True
720575940623957431,True
720575940623960245,True
720575940623962111,True
720575940623965419,True
720575940623968807,True
720575940623971819,True
720575940623973158,True
720575940623976072,True
720575940623977545,True
720575940623979959,True
720575940623982794,True
720575940623985958,True
720575940623987469,True
720575940623989943,True
720575940623991956,True
720575940623994367,True
720575940623997879,True
720575940624000949,True
720575940624002604,True
720575940624004586,True
720575940624006936,True
720575940624008547,True
720575940624010569,True
720575940624012484,True
720575940624014077,True
720575940624016362,True
720575940624017812,True
720575940624019128,True
720575940624020521,True
720575940624021956,True
720575940624023733,True
720575940624025802,True
720575940624028647,True
720575940624031946,True
720575940624033830,True
720575940624037611,True
720575940624039655,True
720575940624042503,True
720575940624044568,True
720575940624046630,True
720575940624049338,True
720575940624052715,True
720575940624054792,True
720575940624057226,True
720575940624059332,True
720575940624061843,True
720575940624063891,True
720575940624066342,True
720575940624070327,True
720575940624073510,True
720575940624075913,True
720575940624078153,True
720575940624080201,True
720575940624082532,True
720575940624084429,True
720575940624086675,True
720575940624090052,True
720575940624092168,True
720575940624094246,True
720575940624096708,True
720575940624099052,True
720575940624100500,True
720575940624102670,True
720575940624104117,True
720575940624105933,True
720575940624107498,True
720575940624109093,True
720575940624111763,True
720575940624112935,True
720575940624115497,True
720575940624117444,True
720575940624121322,True
720575940624124109,True
720575940624126413,True
720575940624129791,True
720575940624132605,True
720575940624134296,True
720575940624136636,True
720575940624138933,True
720575940624141862,True
720575940624143177,True
720575940624145432,True
720575940624147976,True
720575940624150857,True
720575940624153599,True
720575940624155317,True
720575940624156391,True
720575940624158906,True
720575940624161207,True
720575940624163878,True
720575940624165709,True
720575940624167349,True
720575940624169653,True
720575940624172228,True
720575940624174323,True
720575940624176586,True
720575940624178323,True
720575940624180616,True
720575940624181994,True
720575940624185095,True
720575940624187133,True
720575940624189320,True
720575940624191379,True
720575940624193427,True
720575940624195625,True
720575940624198181,True
720575940624200887,True
720575940624202387,True
720575940624204996,True
720575940624206896,True
720575940624208824,True
720575940624210628,True
720575940624214825,True
720575940624216317,True
720575940624218409,True
720575940624220621,True
720575940624224951,True
720575940624226795,True
720575940624229117,True
720575940624231143,True
720575940624233218,True
720575940624236228,True
720575940624239498,True
720575940624243091,True
720575940624245245,True
720575940624246334,True
720575940624248772,True
720575940624251274,True
720575940624252969,True
720575940624254632,True
720575940624257674,True
720575940624260755,True
720575940624264009,True
720575940624266131,True
720575940624268692,True
720575940624271595,True
720575940624273957,True
720575940624275785,True
720575940624279037,True
720575940624280714,True
720575940624282430,True
720575940624284308,True
720575940624287211,True
720575940624289564,True
720575940624291657,True
720575940624293514,True
720575940624295304,True
720575940624297727,True
720575940624299716,True
720575940624301543,True
720575940624303347,True
720575940624306238,True
720575940624308115,True
720575940624310419,True
720575940624312555,True
720575940624314250,True
720575940624318135,True
720575940624319752,True
720575940624321865,True
720575940624323592,True
720575940624326636,True
720575940624328462,True
720575940624330281,True
720575940624332522,True
720575940624334775,True
720575940624336008,True
720575940624338521,True
720575940624342515,True
720575940624344556,True
720575940624346760,True
720575940624348167,True
720575940624349734,True
720575940624352041,True
720575940624355051,True
720575940624357355,True
720575940624359620,True
720575940624362227,True
720575940624363817,True
720575940624366055,True
720575940624367401,True
720575940624370628,True
720575940624373898,True
720575940624376300,True
720575940624377579,True
720575940624380356,True
720575940624382442,True
720575940624384183,True
720575940624387818,True
720575940624389629,True
720575940624391816,True
720575940624394498,True
720575940624397831,True
720575940624400823,True
720575940624402628,True
720575940624404372,True
720575940624407078,True
720575940624409575,True
720575940624412454,True
720575940624414472,True
720575940624417771,True
720575940624421268,True
720575940624423677,True
720575940624426760,True
720575940624429053,True
720575940624431398,True
720575940624434320,True
720575940624436203,True
720575940624438535,True
720575940624441383,True
720575940624444356,True
720575940624446650,True
720575940624448796,True
720575940624451145,True
720575940624454397,True
720575940624456947,True
720575940624461043,True
720575940624463764,True
720575940624467947,True
720575940624470812,True
720575940624475786,True
720575940624479379,True
720575940624482062,True
720575940624484866,True
720575940624486804,True
720575940624488595,True
720575940624490829,True
720575940624494058,True
720575940624496969,True
720575940624500313,True
720575940624504061,True
720575940624507645,True
720575940624511120,True
720575940624514535,True
720575940624516339,True
720575940624521022,True
720575940624524071,True
720575940624526570,True
720575940624529445,True
720575940624531652,True
720575940624534771,True
720575940624537095,True
720575940624539284,True
720575940624542541,True
720575940624546062,True
720575940624549820,True
720575940624554247,True
720575940624556531,True
720575940624561241,True
720575940624563947,True
720575940624566535,True
720575940624569085,True
720575940624571400,True
720575940624574100,True
720575940624576294,True
720575940624579307,True
720575940624583462,True
720575940624585766,True
720575940624587534,True
720575940624589555,True
720575940624591541,True
720575940624593738,True
720575940624595976,True
720575940624598605,True
720575940624600812,True
720575940624602701,True
720575940624605683,True
720575940624608841,True
720575940624611405,True
720575940624613936,True
720575940624616486,True
720575940624619447,True
720575940624623623,True
720575940624626215,True
720575940624629429,True
720575940624632300,True
720575940624635114,True
720575940624639159,True
720575940624641680,True
720575940624645818,True
720575940624649964,True
720575940624653035,True
720575940624657591,True
720575940624660313,True
720575940624663560,True
720575940624665677,True
720575940624668092,True
720575940624670748,True
720575940624673936,True
720575940624676861,True
720575940624679463,True
720575940624682426,True
720575940624685034,True
720575940624687850,True
720575940624690616,True
720575940624693996,True
720575940624695335,True
720575940624698170,True
720575940624700088,True
720575940624701939,True
720575940624704491,True
720575940624707516,True
720575940624710151,True
720575940624712206,True
720575940624713767,True
720575940624717043,True
720575940624719543,True
720575940624722359,True
720575940624724458,True
720575940624728757,True
720575940624732680,True
720575940624735565,True
720575940624737869,True
720575940624739571,True
720575940624741965,True
720575940624744375,True
720575940624747597,True
720575940624750316,True
720575940624752316,True
720575940624754981,True
720575940624756723,True
720575940624759881,True
720575940624762808,True
720575940624766700,True
720575940624769771,True
720575940624772366,True
720575940624774473,True
720575940624776548,True
720575940624780361,True
720575940624783091,True
720575940624785934,True
720575940624789125,True
720575940624792051,True
720575940624795575,True
720575940624796990,True
720575940624799490,True
720575940624802435,True
720575940624805127,True
720575940624806397,True
720575940624809805,True
720575940624811722,True
720575940624813804,True
720575940624816637,True
720575940624819975,True
720575940624823527,True
720575940624826343,True
720575940624829479,True
720575940624833543,True
720575940624835472,True
720575940624837220,True
720575940624840423,True
720575940624845200,True
720575940624846823,True
720575940624850362,True
720575940624852263,True
720575940624854474,True
720575940624856409,True
720575940624859032,True
720575940624860599,True
720575940624863516,True
720575940624866196,True
720575940624868616,True
720575940624870397,True
720575940624872340,True
720575940624874388,True
720575940624876889,True
720575940624879799,True
720575940624882173,True
720575940624883639,True
720575940624885276,True
720575940624886812,True
720575940624888583,True
720575940624891389,True
720575940624894247,True
720575940624897516,True
720575940624900173,True
720575940624902152,True
720575940624905091,True
720575940624907337,True
720575940624910343,True
720575940624912056,True
720575940624914101,True
720575940624916221,True
720575940624918972,True
720575940624920871,True
720575940624922295,True
720575940624924088,True
720575940624927925,True
720575940624930485,True
720575940624932380,True
720575940624934800,True
720575940624937707,True
720575940624939824,True
720575940624941244,True
720575940624943292,True
720575940624946103,True
720575940624948553,True
720575940624950759,True
720575940624953444,True
720575940624955883,True
720575940624959120,True
720575940624961667,True
720575940624964360,True
720575940624966414,True
720575940624969255,True
720575940624972617,True
720575940624975143,True
720575940624976821,True
720575940624979132,True
720575940624981431,True
720575940624984126,True
720575940624986375,True
720575940624988455,True
720575940624990782,True
720575940624993021,True
720575940624994568,True
720575940624997168,True
720575940625000701,True
720575940625003152,True
720575940625004807,True
720575940625006855,True
720575940625009405,True
720575940625011600,True
720575940625013996,True
720575940625015625,True
720575940625018109,True
720575940625020174,True
720575940625021733,True
720575940625023416,True
720575940625025353,True
720575940625028536,True
720575940625030151,True
720575940625031916,True
720575940625034170,True
720575940625037104,True
720575940625039031,True
720575940625041335,True
720575940625043470,True
720575940625045790,True
720575940625047559,True
720575940625049527,True
720575940625051064,True
720575940625053447,True
720575940625055817,True
720575940625058173,True
720575940625060280,True
720575940625062653,True
720575940625063923,True
720575940625066483,True
720575940625069058,True
720575940625071548,True
720575940625073801,True
720575940625077176,True
720575940625081272,True
720575940625084413,True
720575940625087527,True
720575940625089661,True
720575940625092154,True
720575940625094684,True
720575940625097274,True
720575940625099191,True
720575940625101389,True
720575940625105993,True
720575940625107384,True
720575940625111223,True
720575940625113527,True
720575940625114919,True
720575940625117498,True
720575940625119625,True
720575940625123514,True
720575940625126036,True
720575940625129480,True
720575940625133145,True
720575940625136421,True
720575940625140221,True
720575940625143117,True
720575940625146365,True
720575940625148600,True
720575940625151420,True
720575940625155080,True
720575940625156901,True
720575940625158328,True
720575940625160683,True
720575940625162621,True
720575940625164732,True
720575940625167886,True
720575940625170667,True
720575940625172744,True
720575940625175310,True
720575940625177628,True
720575940625180803,True
720575940625184008,True
720575940625187390,True
720575940625191352,True
720575940625195756,True
720575940625201907,True
720575940625206530,True
720575940625210969,True
720575940625214986,True
720575940625217978,True
720575940625222892,True
720575940625226014,True
720575940625229861,True
720575940625233552,True
720575940625237541,True
720575940625241836,True
720575940625244426,True
720575940625249618,True
720575940625253694,True
720575940625258476,True
720575940625260839,True
720575940625264457,True
720575940625267386,True
720575940625270200,True
720575940625272980,True
720575940625274772,True
720575940625278410,True
720575940625281308,True
720575940625283770,True
720575940625287497,True
720575940625291907,True
720575940625294674,True
720575940625297678,True
720575940625300519,True
720575940625302474,True
720575940625305417,True
720575940625308162,True
720575940625309882,True
720575940625312356,True
720575940625314633,True
720575940625319205,True
720575940625321963,True
720575940625324675,True
720575940625328176,True
720575940625331132,True
720575940625334601,True
720575940625337116,True
720575940625339977,True
720575940625342908,True
720575940625344612,True
720575940625347661,True
720575940625351205,True
720575940625354573,True
720575940625356732,True
720575940625359741,True
720575940625362020,True
720575940625365512,True
720575940625368871,True
720575940625371155,True
720575940625374707,True
720575940625376776,True
720575940625379145,True
720575940625382217,True
720575940625385289,True
720575940625388877,True
720575940625391112,True
720575940625393189,True
720575940625395801,True
720575940625397581,True
720575940625400039,True
720575940625403796,True
720575940625407632,True
720575940625410441,True
720575940625413965,True
720575940625415813,True
720575940625418983,True
720575940625421299,True
720575940625423548,True
720575940625427272,True
720575940625429996,True
720575940625432760,True
720575940625435943,True
720575940625439690,True
720575940625442192,True
720575940625444075,True
720575940625447155,True
720575940625449108,True
720575940625450317,True
720575940625453145,True
720575940625455134,True
720575940625460099,True
720575940625461762,True
720575940625464762,True
720575940625467011,True
720575940625470526,True
720575940625474279,True
720575940625476708,True
720575940625479147,True
720575940625483133,True
720575940625485657,True
720575940625487546,True
720575940625489277,True
720575940625491556,True
720575940625493400,True
720575940625495591,True
720575940625499153,True
720575940625502308,True
720575940625504589,True
720575940625507888,True
720575940625510402,True
720575940625514023,True
720575940625517548,True
720575940625520446,True
720575940625522509,True
720575940625523896,True
720575940625525740,True
720575940625528556,True
720575940625532564,True
720575940625535369,True
720575940625537822,True
720575940625541168,True
720575940625545715,True
720575940625549464,True
720575940625552103,True
720575940625555749,True
720575940625559224,True
720575940625563429,True
720575940625566188,True
720575940625568231,True
720575940625570637,True
720575940625572796,True
720575940625574949,True
720575940625579141,True
720575940625581716,True
720575940625585508,True
720575940625588884,True
720575940625591042,True
720575940625596308,True
720575940625599208,True
720575940625602236,True
720575940625604595,True
720575940625607946,True
720575940625612180,True
720575940625615508,True
720575940625617801,True
720575940625622164,True
720575940625625136,True
720575940625627023,True
720575940625629198,True
720575940625632516,True
720575940625636071,True
720575940625639916,True
720575940625642554,True
720575940625645208,True
720575940625648009,True
720575940625651896,True
720575940625654003,True
720575940625655992,True
720575940625657928,True
720575940625659832,True
720575940625662360,True
720575940625664202,True
720575940625666796,True
720575940625669032,True
720575940625672376,True
720575940625674428,True
720575940625676583,True
720575940625678862,True
720575940625681080,True
720575940625683970,True
720575940625686349,True
720575940625689105,True
720575940625691066,True
720575940625693488,True
720575940625695772,True
720575940625698096,True
720575940625700739,True
720575940625702892,True
720575940625704752,True
720575940625707522,True
720575940625711548,True
720575940625714224,True
720575940625717944,True
720575940625720762,True
720575940625723164,True
720575940625727560,True
720575940625729342,True
720575940625732227,True
720575940625734588,True
720575940625736892,True
720575940625740042,True
720575940625742725,True
720575940625745808,True
720575940625748510,True
720575940625750164,True
720575940625751589,True
720575940625754663,True
720575940625757328,True
720575940625761448,True
720575940625764745,True
720575940625766960,True
720575940625769293,True
720575940625771085,True
720575940625773699,True
720575940625776115,True
720575940625779146,True
720575940625781180,True
720575940625785406,True
720575940625787320,True
720575940625790778,True
720575940625794343,True
720575940625797306,True
720575940625799155,True
720575940625800786,True
720575940625803018,True
720575940625805043,True
720575940625807152,True
720575940625809040,True
720575940625811518,True
720575940625813447,True
720575940625816606,True
720575940625818260,True
720575940625820942,True
720575940625823376,True
720575940625825684,True
720575940625827917,True
720575940625831667,True
720575940625835278,True
720575940625837460,True
720575940625840146,True
720575940625843331,True
720575940625845242,True
720575940625848330,True
720575940625850980,True
720575940625854183,True
720575940625856807,True
720575940625860026,True
720575940625863336,True
720575940625865008,True
720575940625868519,True
720575940625871181,True
720575940625873639,True
720575940625876241,True
720575940625879433,True
720575940625881918,True
720575940625884541,True
720575940625887207,True
720575940625889929,True
720575940625892280,True
720575940625894552,True
720575940625896718,True
720575940625898680,True
720575940625901002,True
720575940625903626,True
720575940625905660,True
720575940625907143,True
720575940625910714,True
720575940625914405,True
720575940625917735,True
720575940625920584,True
720575940625924618,True
720575940625926677,True
720575940625929790,True
720575940625932302,True
720575940625934973,True
720575940625937968,True
720575940625941521,True
720575940625943344,True
720575940625945843,True
720575940625949261,True
720575940625952002,True
720575940625954341,True
720575940625956339,True
720575940625958192,True
720575940625960999,True
720575940625962780,True
720575940625965756,True
720575940625967408,True
720575940625969166,True
720575940625970469,True
720575940625972263,True
720575940625976357,True
720575940625978382,True
720575940625981028,True
720575940625985072,True
720575940625987571,True
720575940625990074,True
720575940625992269,True
720575940625994483,True
720575940625995780,True
720575940625998213,True
720575940626001296,True
720575940626003248,True
720575940626005586,True
720575940626008764,True
720575940626010652,True
720575940626012709,True
720575940626015294,True
720575940626018096,True
720575940626020885,True
720575940626022586,True
720575940626024496,True
720575940626026936,True
720575940626028732,True
720575940626032176,True
720575940626036170,True
720575940626039696,True
720575940626042314,True
720575940626044348,True
720575940626046723,True
720575940626049575,True
720575940626051516,True
720575940626054076,True
720575940626059657,True
720575940626063961,True
720575940626066309,True
720575940626070123,True
720575940626072250,True
720575940626075850,True
720575940626079376,True
720575940626081929,True
720575940626084240,True
720575940626086146,True
720575940626087780,True
720575940626090279,True
720575940626092034,True
720575940626093720,True
720575940626095504,True
720575940626098234,True
720575940626099729,True
720575940626102567,True
720575940626105639,True
720575940626108433,True
720575940626111015,True
720575940626113061,True
720575940626116647,True
720575940626119719,True
720575940626122780,True
720575940626127248,True
720575940626130707,True
720575940626133867,True
720575940626138008,True
720575940626140164,True
720575940626144574,True
720575940626148185,True
720575940626151461,True
720575940626155466,True
720575940626158598,True
720575940626161224,True
720575940626163386,True
720575940626166020,True
720575940626170426,True
720575940626172493,True
720575940626175619,True
720575940626178448,True
720575940626180358,True
720575940626183882,True
720575940626187672,True
720575940626191635,True
720575940626193470,True
720575940626196732,True
720575940626199677,True
720575940626203394,True
720575940626207888,True
720575940626211514,True
720575940626214021,True
720575940626217085,True
720575940626218877,True
720575940626221872,True
720575940626225173,True
720575940626227774,True
720575940626230928,True
720575940626235644,True
720575940626237726,True
720575940626240522,True
720575940626242890,True
720575940626247012,True
720575940626250568,True
720575940626252746,True
720575940626254892,True
720575940626257764,True
720575940626260497,True
720575940626263298,True
720575940626267261,True
720575940626269592,True
720575940626271806,True
720575940626275149,True
720575940626278129,True
720575940626281790,True
720575940626284877,True
720575940626288616,True
720575940626291087,True
720575940626293379,True
720575940626295396,True
720575940626298567,True
720575940626301386,True
720575940626305554,True
720575940626308496,True
720575940626310150,True
720575940626311757,True
720575940626313828,True
720575940626316606,True
720575940626319235,True
720575940626322903,True
720575940626325029,True
720575940626328126,True
720575940626331993,True
720575940626336266,True
720575940626338096,True
720575940626340144,True
720575940626342733,True
720575940626345772,True
720575940626348106,True
720575940626350157,True
720575940626354057,True
720575940626357865,True
720575940626360382,True
720575940626363394,True
720575940626365005,True
720575940626366782,True
720575940626370691,True
720575940626373016,True
720575940626375506,True
720575940626377093,True
720575940626379824,True
720575940626382373,True
720575940626385182,True
720575940626390018,True
720575940626393104,True
720575940626394626,True
720575940626397221,True
720575940626398601,True
720575940626400125,True
720575940626403400,True
720575940626405634,True
720575940626407984,True
720575940626410186,True
720575940626413002,True
720575940626417027,True
720575940626420030,True
720575940626423580,True
720575940626426654,True
720575940626429758,True
720575940626432345,True
720575940626434348,True
720575940626436874,True
720575940626440122,True
720575940626443526,True
720575940626447653,True
720575940626449964,True
720575940626453337,True
720575940626456586,True
720575940626459394,True
720575940626463107,True
720575940626465636,True
720575940626468185,True
720575940626471728,True
720575940626475522,True
720575940626477498,True
720575940626482072,True
720575940626484324,True
720575940626487677,True
720575940626490149,True
720575940626491727,True
720575940626494210,True
720575940626497482,True
720575940626500233,True
720575940626502756,True
720575940626506472,True
720575940626509830,True
720575940626511678,True
720575940626514576,True
720575940626518309,True
720575940626520880,True
720575940626523017,True
720575940626527024,True
720575940626529448,True
720575940626533122,True
720575940626535445,True
720575940626538256,True
720575940626540743,True
720575940626543768,True
720575940626546992,True
720575940626550018,True
720575940626553146,True
720575940626555800,True
720575940626557995,True
720575940626561564,True
720575940626564964,True
720575940626566244,True
720575940626568906,True
720575940626571592,True
720575940626574108,True
720575940626576892,True
720575940626579087,True
720575940626580879,True
720575940626582842,True
720575940626584904,True
720575940626586823,True
720575940626589468,True
720575940626593411,True
720575940626597251,True
720575940626600336,True
720575940626603594,True
720575940626606223,True
720575940626608911,True
720575940626612254,True
720575940626615140,True
720575940626617543,True
720575940626620568,True
720575940626623144,True
720575940626625546,True
720575940626627144,True
720575940626630288,True
720575940626631441,True
720575940626633730,True
720575940626635855,True
720575940626639106,True
720575940626641539,True
720575940626643237,True
720575940626645320,True
720575940626648634,True
720575940626649832,True
720575940626652035,True
720575940626654154,True
720575940626657808,True
720575940626661066,True
720575940626662686,True
720575940626664336,True
720575940626666012,True
720575940626667876,True
720575940626670577,True
720575940626672330,True
720575940626675075,True
720575940626678026,True
720575940626680728,True
720575940626683218,True
720575940626685386,True
720575940626688772,True
720575940626690448,True
720575940626692485,True
720575940626694330,True
720575940626697264,True
720575940626700294,True
720575940626703080,True
720575940626704913,True
720575940626707914,True
720575940626709928,True
720575940626711941,True
720575940626715164,True
720575940626717724,True
720575940626720072,True
720575940626723459,True
720575940626726458,True
720575940626728700,True
720575940626730814,True
720575940626733872,True
720575940626736446,True
720575940626738825,True
720575940626740784,True
720575940626742372,True
720575940626744744,True
720575940626746554,True
720575940626749061,True
720575940626751746,True
720575940626753794,True
720575940626756117,True
720575940626760372,True
720575940626761990,True
720575940626767152,True
720575940626769560,True
720575940626772272,True
720575940626774202,True
720575940626776963,True
720575940626778928,True
720575940626780464,True
720575940626782270,True
720575940626783734,True
720575940626785124,True
720575940626789306,True
720575940626792209,True
720575940626794027,True
720575940626796456,True
720575940626798101,True
720575940626800156,True
720575940626801726,True
720575940626803599,True
720575940626805296,True
720575940626806821,True
720575940626810901,True
720575940626813072,True
720575940626815120,True
720575940626817822,True
720575940626819356,True
720575940626822146,True
720575940626825305,True
720575940626827353,True
720575940626829868,True
720575940626832412,True
720575940626834584,True
720575940626836410,True
720575940626838513,True
720575940626840595,True
720575940626843236,True
720575940626846245,True
720575940626848259,True
720575940626849866,True
720575940626851161,True
720575940626853306,True
720575940626855468,True
720575940626857368,True
720575940626859080,True
720575940626860487,True
720575940626862692,True
720575940626864528,True
720575940626867081,True
720575940626868818,True
720575940626871556,True
720575940626873444,True
720575940626875529,True
720575940626878120,True
720575940626880458,True
720575940626883453,True
720575940626884926,True
720575940626886552,True
720575940626888254,True
720575940626890852,True
720575940626893258,True
720575940626896636,True
720575940626899088,True
720575940626901136,True
720575940626902856,True
720575940626904350,True
720575940626907112,True
720575940626910287,True
720575940626913342,True
720575940626915018,True
720575940626916810,True
720575940626919426,True
720575940626922810,True
720575940626925093,True
720575940626927259,True
720575940626928650,True
720575940626931658,True
720575940626933647,True
720575940626935838,True
720575940626939407,True
720575940626941080,True
720575940626943491,True
720575940626946456,True
720575940626949306,True
720575940626950296,True
720575940626951877,True
720575940626953597,True
720575940626956837,True
720575940626961304,True
720575940626963352,True
720575940626965778,True
720575940626967311,True
720575940626969737,True
720575940626971560,True
720575940626972858,True
720575940626974737,True
720575940626977067,True
720575940626978905,True
720575940626981395,True
720575940626982949,True
720575940626984394,True
720575940626986014,True
720575940626988900,True
720575940626992642,True
720575940626994506,True
720575940626997276,True
720575940626999689,True
720575940627002626,True
720575940627005573,True
720575940627007869,True
720575940627009923,True
720575940627012881,True
720575940627015187,True
720575940627016069,True
720575940627018268,True
720575940627020008,True
720575940627022394,True
720575940627024217,True
720575940627026618,True
720575940627029254,True
720575940627032842,True
720575940627034398,True
720575940627036170,True
720575940627038376,True
720575940627039781,True
720575940627042308,True
720575940627043666,True
720575940627044964,True
720575940627046693,True
720575940627048600,True
720575940627051194,True
720575940627053903,True
720575940627055749,True
720575940627058703,True
720575940627061002,True
720575940627063192,True
720575940627065877,True
720575940627067919,True
720575940627069712,True
720575940627072131,True
720575940627074429,True
720575940627076298,True
720575940627079257,True
720575940627080975,True
720575940627082261,True
720575940627084034,True
720575940627086266,True
720575940627087646,True
720575940627089252,True
720575940627091146,True
720575940627094917,True
720575940627096876,True
720575940627098686,True
720575940627100203,True
720575940627101203,True
720575940627103518,True
720575940627105864,True
720575940627107843,True
720575940627110226,True
720575940627112344,True
720575940627115038,True
720575940627116730,True
720575940627118778,True
720575940627120646,True
720575940627125520,True
720575940627127044,True
720575940627129346,True
720575940627131737,True
720575940627134210,True
720575940627136655,True
720575940627139390,True
720575940627142552,True
720575940627144394,True
720575940627146500,True
720575940627147907,True
720575940627149002,True
720575940627150650,True
720575940627153182,True
720575940627154378,True
720575940627156869,True
720575940627158098,True
720575940627159498,True
720575940627161444,True
720575940627162493,True
720575940627165180,True
720575940627167357,True
720575940627169636,True
720575940627171496,True
720575940627173192,True
720575940627174404,True
720575940627175506,True
720575940627176478,True
720575940627177605,True
720575940627179657,True
720575940627181498,True
720575940627183345,True
720575940627185436,True
720575940627187477,True
720575940627189622,True
720575940627191823,True
720575940627193619,True
720575940627195691,True
720575940627197971,True
720575940627201308,True
720575940627203843,True
720575940627206188,True
720575940627208211,True
720575940627210502,True
720575940627211706,True
720575940627213598,True
720575940627215377,True
720575940627217410,True
720575940627219300,True
720575940627221562,True
720575940627223482,True
720575940627225602,True
720575940627227773,True
720575940627230014,True
720575940627232286,True
720575940627235386,True
720575940627238970,True
720575940627241402,True
720575940627243609,True
720575940627245992,True
720575940627248521,True
720575940627249850,True
720575940627251864,True
720575940627254020,True
720575940627255811,True
720575940627258899,True
720575940627261190,True
720575940627263765,True
720575940627265265,True
720575940627267965,True
720575940627269651,True
720575940627272600,True
720575940627274345,True
720575940627276290,True
720575940627278235,True
720575940627281594,True
720575940627283176,True
720575940627284798,True
720575940627285849,True
720575940627286794,True
720575940627289188,True
720575940627291140,True
720575940627293201,True
720575940627295260,True
720575940627297043,True
720575940627299358,True
720575940627301209,True
720575940627303273,True
720575940627304762,True
720575940627305994,True
720575940627308169,True
720575940627310469,True
720575940627312773,True
720575940627315845,True
720575940627317818,True
720575940627320378,True
720575940627323005,True
720575940627326229,True
720575940627327337,True
720575940627329579,True
720575940627331673,True
720575940627332885,True
720575940627334756,True
720575940627336297,True
720575940627338883,True
720575940627341699,True
720575940627343166,True
720575940627346186,True
720575940627348841,True
720575940627351448,True
720575940627353031,True
720575940627356170,True
720575940627357457,True
720575940627359570,True
720575940627363356,True
720575940627366675,True
720575940627369738,True
720575940627371602,True
720575940627373161,True
720575940627376765,True
720575940627378760,True
720575940627382147,True
720575940627384582,True
720575940627387164,True
720575940627389315,True
720575940627391260,True
720575940627394314,True
720575940627396881,True
720575940627398940,True
720575940627400522,True
720575940627403578,True
720575940627405041,True
720575940627408024,True
720575940627409922,True
720575940627411837,True
720575940627414887,True
720575940627416860,True
720575940627418750,True
720575940627421080,True
720575940627423754,True
720575940627425034,True
720575940627426837,True
720575940627428248,True
720575940627430672,True
720575940627433032,True
720575940627437075,True
720575940627438723,True
720575940627442709,True
720575940627446090,True
720575940627447897,True
720575940627450899,True
720575940627453995,True
720575940627455560,True
720575940627458130,True
720575940627461434,True
720575940627464530,True
720575940627465859,True
720575940627468273,True
720575940627469903,True
720575940627471619,True
720575940627473816,True
720575940627476040,True
720575940627478760,True
720575940627480442,True
720575940627482639,True
720575940627484657,True
720575940627486778,True
720575940627489068,True
720575940627492117,True
720575940627494174,True
720575940627496537,True
720575940627498885,True
720575940627501189,True
720575940627504145,True
720575940627505576,True
720575940627510012,True
720575940627511695,True
720575940627514562,True
720575940627515816,True
720575940627518269,True
720575940627520002,True
720575940627522693,True
720575940627524371,True
720575940627526994,True
720575940627530073,True
720575940627533867,True
720575940627535110,True
720575940627537095,True
720575940627539204,True
720575940627541736,True
720575940627543695,True
720575940627546750,True
720575940627549608,True
720575940627551621,True
720575940627554203,True
720575940627556868,True
720575940627558533,True
720575940627561502,True
720575940627563653,True
720575940627566869,True
720575940627571972,True
720575940627574602,True
720575940627577105,True
720575940627580136,True
720575940627582972,True
720575940627585362,True
720575940627587334,True
720575940627590187,True
720575940627593561,True
720575940627595024,True
720575940627598891,True
720575940627602814,True
720575940627606375,True
720575940627610645,True
720575940627612824,True
720575940627617149,True
720575940627618968,True
720575940627621501,True
720575940627624209,True
720575940627627657,True
720575940627630366,True
720575940627632650,True
720575940627634777,True
720575940627637022,True
720575940627640475,True
720575940627643398,True
720575940627645514,True
720575940627648299,True
720575940627650347,True
720575940627654165,True
720575940627656841,True
720575940627658554,True
720575940627661077,True
720575940627662681,True
720575940627665304,True
720575940627667530,True
720575940627669337,True
720575940627671177,True
720575940627675408,True
720575940627676945,True
720575940627680006,True
720575940627682069,True
720575940627684997,True
720575940627686942,True
720575940627692626,True
720575940627694744,True
720575940627697231,True
720575940627699538,True
720575940627702288,True
720575940627704375,True
720575940627706122,True
720575940627709287,True
720575940627710480,True
720575940627713045,True
720575940627714665,True
720575940627716229,True
720575940627718444,True
720575940627719752,True
720575940627721749,True
720575940627723416,True
720575940627726312,True
720575940627728149,True
720575940627731176,True
720575940627732296,True
720575940627733593,True
720575940627736701,True
720575940627739474,True
720575940627741713,True
720575940627744345,True
720575940627746941,True
720575940627749382,True
720575940627751567,True
720575940627754492,True
720575940627757584,True
720575940627759705,True
720575940627761241,True
720575940627763081,True
720575940627766814,True
720575940627768775,True
720575940627772009,True
720575940627775242,True
720575940627776506,True
720575940627778393,True
720575940627780356,True
720575940627781690,True
720575940627783932,True
720575940627785786,True
720575940627787609,True
720575940627790973,True
720575940627794206,True
720575940627796298,True
720575940627798654,True
720575940627800316,True
720575940627801930,True
720575940627805273,True
720575940627807826,True
720575940627810347,True
720575940627812168,True
720575940627815080,True
720575940627817948,True
720575940627820104,True
720575940627822279,True
720575940627824712,True
720575940627826929,True
720575940627829002,True
720575940627832263,True
720575940627834311,True
720575940627837096,True
720575940627839656,True
720575940627842566,True
720575940627845642,True
720575940627847752,True
720575940627850087,True
720575940627851592,True
720575940627854217,True
720575940627857039,True
720575940627860254,True
720575940627861521,True
720575940627863016,True
720575940627865768,True
720575940627867544,True
720575940627869928,True
720575940627871384,True
720575940627874039,True
720575940627877016,True
720575940627878761,True
720575940627882366,True
720575940627886023,True
720575940627889033,True
720575940627891608,True
720575940627894600,True
720575940627896842,True
720575940627900047,True
720575940627902345,True
720575940627903804,True
720575940627905566,True
720575940627907883,True
720575940627910419,True
720575940627912884,True
720575940627915780,True
720575940627917578,True
720575940627920207,True
720575940627921924,True
720575940627924327,True
720575940627926794,True
720575940627930011,True
720575940627931544,True
720575940627932840,True
720575940627935656,True
720575940627937176,True
720575940627940455,True
720575940627942504,True
720575940627944708,True
720575940627946106,True
720575940627948104,True
720575940627950135,True
720575940627951815,True
720575940627953950,True
720575940627956605,True
720575940627959634,True
720575940627963127,True
720575940627964949,True
720575940627967866,True
720575940627970898,True
720575940627973918,True
720575940627975940,True
720575940627977415,True
720575940627979496,True
720575940627982217,True
720575940627984119,True
720575940627986821,True
720575940627988367,True
720575940627991689,True
720575940627994108,True
720575940627996682,True
720575940627999292,True
720575940628001512,True
720575940628003433,True
720575940628005676,True
720575940628007015,True
720575940628008264,True
720575940628011458,True
720575940628014391,True
720575940628016970,True
720575940628019985,True
720575940628022787,True
720575940628025240,True
720575940628027800,True
720575940628029450,True
720575940628030863,True
720575940628033553,True
720575940628035331,True
720575940628037105,True
720575940628038808,True
720575940628041476,True
720575940628044184,True
720575940628046824,True
720575940628049963,True
720575940628053903,True
720575940628056049,True
720575940628057363,True
720575940628059986,True
720575940628063208,True
720575940628066519,True
720575940628068867,True
720575940628070568,True
720575940628072213,True
720575940628074089,True
720575940628075944,True
720575940628077690,True
720575940628079872,True
720575940628081797,True
720575940628083581,True
720575940628086607,True
720575940628089682,True
720575940628092682,True
720575940628094663,True
720575940628096488,True
720575940628099197,True
720575940628101898,True
720575940628104061,True
720575940628105544,True
720575940628107776,True
720575940628109705,True
720575940628112456,True
720575940628115185,True
720575940628117381,True
720575940628119555,True
720575940628121287,True
720575940628123921,True
720575940628126449,True
720575940628129413,True
720575940628132938,True
720575940628134312,True
720575940628136347,True
720575940628137640,True
720575940628138769,True
720575940628141052,True
720575940628143376,True
720575940628145667,True
720575940628148303,True
720575940628151272,True
720575940628154364,True
720575940628157205,True
720575940628160617,True
720575940628163400,True
720575940628165019,True
720575940628167848,True
720575940628170257,True
720575940628172819,True
720575940628174848,True
720575940628177736,True
720575940628180935,True
720575940628182910,True
720575940628187079,True
720575940628190345,True
720575940628192359,True
720575940628195015,True
720575940628198673,True
720575940628200721,True
720575940628203336,True
720575940628205906,True
720575940628207370,True
720575940628209212,True
720575940628211244,True
720575940628212780,True
720575940628215558,True
720575940628218129,True
720575940628220495,True
720575940628223431,True
720575940628225223,True
720575940628226697,True
720575940628230223,True
720575940628231676,True
720575940628235516,True
720575940628237138,True
720575940628239162,True
720575940628241226,True
720575940628243849,True
720575940628245607,True
720575940628247945,True
720575940628251146,True
720575940628253010,True
720575940628256199,True
720575940628258577,True
720575940628260368,True
720575940628263686,True
720575940628265732,True
720575940628267767,True
720575940628270650,True
720575940628274626,True
720575940628276674,True
720575940628279292,True
720575940628283535,True
720575940628285634,True
720575940628288923,True
720575940628291130,True
720575940628293737,True
720575940628295187,True
720575940628296830,True
720575940628299581,True
720575940628301161,True
720575940628302858,True
720575940628304394,True
720575940628306042,True
720575940628308215,True
720575940628310794,True
720575940628312658,True
720575940628314667,True
720575940628317573,True
720575940628319354,True
720575940628320901,True
720575940628322759,True
720575940628323945,True
720575940628325735,True
720575940628328360,True
720575940628330651,True
720575940628334090,True
720575940628337103,True
720575940628339530,True
720575940628342184,True
720575940628343814,True
720575940628346186,True
720575940628347654,True
720575940628349178,True
720575940628350460,True
720575940628351816,True
720575940628354801,True
720575940628356666,True
720575940628358410,True
720575940628359400,True
720575940628360723,True
720575940628362813,True
720575940628364307,True
720575940628365957,True
720575940628368917,True
720575940628370732,True
720575940628372562,True
720575940628375122,True
720575940628376364,True
720575940628379651,True
720575940628381952,True
720575940628383560,True
720575940628386376,True
720575940628389450,True
720575940628391957,True
720575940628393988,True
720575940628397775,True
720575940628399559,True
720575940628401224,True
720575940628403272,True
720575940628404977,True
720575940628406549,True
720575940628408143,True
720575940628411146,True
720575940628412145,True
720575940628414407,True
720575940628416232,True
720575940628419850,True
720575940628421831,True
720575940628424335,True
720575940628426408,True
720575940628429950,True
720575940628431671,True
720575940628434535,True
720575940628437562,True
720575940628440219,True
720575940628443127,True
720575940628445327,True
720575940628448789,True
720575940628452369,True
720575940628453787,True
720575940628455686,True
720575940628456976,True
720575940628460106,True
720575940628461896,True
720575940628464104,True
720575940628467462,True
720575940628469322,True
720575940628471292,True
720575940628473928,True
720575940628478225,True
720575940628481301,True
720575940628484396,True
720575940628487441,True
720575940628491308,True
720575940628493992,True
720575940628495447,True
720575940628498025,True
720575940628502090,True
720575940628505039,True
720575940628507464,True
720575940628513015,True
720575940628514545,True
720575940628517175,True
720575940628520168,True
720575940628523004,True
720575940628525062,True
720575940628528040,True
720575940628530950,True
720575940628533351,True
720575940628535511,True
720575940628538055,True
720575940628539304,True
720575940628541190,True
720575940628544555,True
720575940628546775,True
720575940628549653,True
720575940628552091,True
720575940628554005,True
720575940628557329,True
720575940628558679,True
720575940628561111,True
720575940628563530,True
720575940628566504,True
720575940628569815,True
720575940628571791,True
720575940628574225,True
720575940628576241,True
720575940628577960,True
720575940628581379,True
720575940628584469,True
720575940628586408,True
720575940628588587,True
720575940628590595,True
720575940628592968,True
720575940628594705,True
720575940628597191,True
720575940628599401,True
720575940628600592,True
720575940628603770,True
720575940628606713,True
720575940628610012,True
720575940628613993,True
720575940628616591,True
720575940628619688,True
720575940628621316,True
720575940628623212,True
720575940628626408,True
720575940628628996,True
720575940628631639,True
720575940628634536,True
720575940628636944,True
720575940628639311,True
720575940628641244,True
720575940628642837,True
720575940628645481,True
720575940628648809,True
720575940628650517,True
720575940628652284,True
720575940628654408,True
720575940628656834,True
720575940628659318,True
720575940628662377,True
720575940628665360,True
720575940628668610,True
720575940628672043,True
720575940628673786,True
720575940628675945,True
720575940628679912,True
720575940628682752,True
720575940628685062,True
720575940628687259,True
720575940628689224,True
720575940628692679,True
720575940628694991,True
720575940628696263,True
720575940628699560,True
720575940628703079,True
720575940628706472,True
720575940628709653,True
720575940628711802,True
720575940628713988,True
720575940628716791,True
720575940628719121,True
720575940628721607,True
720575940628724296,True
720575940628726278,True
720575940628729360,True
720575940628731140,True
720575940628733699,True
720575940628737553,True
720575940628740849,True
720575940628742641,True
720575940628744721,True
720575940628746690,True
720575940628749111,True
720575940628751975,True
720575940628755322,True
720575940628758088,True
720575940628760597,True
720575940628762600,True
720575940628764203,True
720575940628766467,True
720575940628768503,True
720575940628771587,True
720575940628774216,True
720575940628777448,True
720575940628779752,True
720575940628781527,True
720575940628783363,True
720575940628785468,True
720575940628787528,True
720575940628789071,True
720575940628790544,True
720575940628791568,True
720575940628793350,True
720575940628795377,True
720575940628798792,True
720575940628800506,True
720575940628802042,True
720575940628804168,True
720575940628806659,True
720575940628808708,True
720575940628810539,True
720575940628812547,True
720575940628814084,True
720575940628816917,True
720575940628818682,True
720575940628820474,True
720575940628823312,True
720575940628825282,True
720575940628827586,True
720575940628831531,True
720575940628834151,True
720575940628837124,True
720575940628839623,True
720575940628842472,True
720575940628844539,True
720575940628847612,True
720575940628849424,True
720575940628852988,True
720575940628857092,True
720575940628859408,True
720575940628862330,True
720575940628864771,True
720575940628868352,True
720575940628870632,True
720575940628874601,True
720575940628878441,True
720575940628881156,True
720575940628882731,True
720575940628885066,True
720575940628886787,True
720575940628888796,True
720575940628890998,True
720575940628893188,True
720575940628895593,True
720575940628897280,True
720575940628900081,True
720575940628902764,True
720575940628905732,True
720575940628907524,True
720575940628909950,True
720575940628911671,True
720575940628914152,True
720575940628916732,True
720575940628918827,True
720575940628921959,True
720575940628923727,True
720575940628927491,True
720575940628930407,True
720575940628933194,True
720575940628935564,True
720575940628937788,True
720575940628939855,True
720575940628942023,True
720575940628945145,True
720575940628948220,True
720575940628951422,True
720575940628953591,True
720575940628955648,True
720575940628958449,True
720575940628961808,True
720575940628963590,True
720575940628967153,True
720575940628970183,True
720575940628972332,True
720575940628975482,True
720575940628977920,True
720575940628981047,True
720575940628984373,True
720575940628987210,True
720575940628990423,True
720575940628993296,True
720575940628994759,True
720575940628996867,True
720575940629000603,True
720575940629003573,True
720575940629005903,True
720575940629008439,True
720575940629009769,True
720575940629011535,True
720575940629012839,True
720575940629015414,True
720575940629017340,True
720575940629019497,True
720575940629022875,True
720575940629023870,True
720575940629025808,True
720575940629029199,True
720575940629031683,True
720575940629036331,True
720575940629039515,True
720575940629041879,True
720575940629043986,True
720575940629046377,True
720575940629048119,True
720575940629051547,True
720575940629055447,True
720575940629058816,True
720575940629062138,True
720575940629064186,True
720575940629067004,True
720575940629070747,True
720575940629074988,True
720575940629076073,True
720575940629078215,True
720575940629080702,True
720575940629083377,True
720575940629087996,True
720575940629090203,True
720575940629093173,True
720575940629097744,True
720575940629099770,True
720575940629102410,True
720575940629105155,True
720575940629107984,True
720575940629111035,True
720575940629113388,True
720575940629117699,True
720575940629120732,True
720575940629123177,True
720575940629125675,True
720575940629127936,True
720575940629131772,True
720575940629133903,True
720575940629136506,True
720575940629138025,True
720575940629140423,True
720575940629142650,True
720575940629146191,True
720575940629148145,True
720575940629149692,True
720575940629152505,True
720575940629154108,True
720575940629156551,True
720575940629159785,True
720575940629162283,True
720575940629163898,True
720575940629166833,True
720575940629169404,True
720575940629171447,True
720575940629174325,True
720575940629176007,True
720575940629178108,True
720575940629180469,True
720575940629183337,True
720575940629186170,True
720575940629188507,True
720575940629193546,True
720575940629196670,True
720575940629199810,True
720575940629202167,True
720575940629205264,True
720575940629208049,True
720575940629210668,True
720575940629212675,True
720575940629215175,True
720575940629221199,True
720575940629224747,True
720575940629228905,True
720575940629231888,True
720575940629234075,True
720575940629236183,True
720575940629239772,True
720575940629241930,True
720575940629243910,True
720575940629245595,True
720575940629247736,True
720575940629250347,True
720575940629253625,True
720575940629256015,True
720575940629260406,True
720575940629263003,True
720575940629266179,True
720575940629268930,True
720575940629271260,True
720575940629274384,True
720575940629278214,True
720575940629282203,True
720575940629286043,True
720575940629289546,True
720575940629292844,True
720575940629295916,True
720575940629299355,True
720575940629302016,True
720575940629304783,True
720575940629309339,True
720575940629312074,True
720575940629315057,True
720575940629317136,True
720575940629319174,True
720575940629322395,True
720575940629326380,True
720575940629328502,True
720575940629331663,True
720575940629334427,True
720575940629337418,True
720575940629339756,True
720575940629342720,True
720575940629345527,True
720575940629349340,True
720575940629352807,True
720575940629355623,True
720575940629359366,True
720575940629363559,True
720575940629365776,True
720575940629369191,True
720575940629371960,True
720575940629373958,True
720575940629376155,True
720575940629379334,True
720575940629380870,True
720575940629383618,True
720575940629385594,True
720575940629387051,True
720575940629389827,True
720575940629391977,True
720575940629395817,True
720575940629398513,True
720575940629401930,True
720575940629405190,True
720575940629408006,True
720575940629410048,True
720575940629413194,True
720575940629415273,True
720575940629418345,True
720575940629421164,True
720575940629423724,True
720575940629425451,True
720575940629426475,True
720575940629429118,True
720575940629431802,True
720575940629435130,True
720575940629438287,True
720575940629440518,True
720575940629444102,True
720575940629447153,True
720575940629451526,True
720575940629453628,True
720575940629456683,True
720575940629459718,True
720575940629461612,True
720575940629464875,True
720575940629467121,True
720575940629470107,True
720575940629471682,True
720575940629474307,True
720575940629476199,True
720575940629478594,True
720575940629481457,True
720575940629483576,True
720575940629485584,True
720575940629487719,True
720575940629489260,True
720575940629492071,True
720575940629494022,True
720575940629496002,True
720575940629498267,True
720575940629500747,True
720575940629502506,True
720575940629504630,True
720575940629507584,True
720575940629509484,True
720575940629511802,True
720575940629513478,True
720575940629516793,True
720575940629519403,True
720575940629522302,True
720575940629525353,True
720575940629528570,True
720575940629531497,True
720575940629533456,True
720575940629536894,True
720575940629539383,True
720575940629541626,True
720575940629544235,True
720575940629546225,True
720575940629548282,True
720575940629550074,True
720575940629554170,True
720575940629559034,True
720575940629562668,True
720575940629564794,True
720575940629567387,True
720575940629569340,True
720575940629574082,True
720575940629577342,True
720575940629579836,True
720575940629582892,True
720575940629586075,True
720575940629588523,True
720575940629590839,True
720575940629593193,True
720575940629595753,True
720575940629599081,True
720575940629602090,True
720575940629605481,True
720575940629609065,True
720575940629612226,True
720575940629614833,True
720575940629619499,True
720575940629622910,True
720575940629625679,True
720575940629630679,True
720575940629633406,True
720575940629638186,True
720575940629640451,True
720575940629643087,True
720575940629647351,True
720575940629650435,True
720575940629653626,True
720575940629657047,True
720575940629660030,True
720575940629663738,True
720575940629665989,True
720575940629668713,True
720575940629671235,True
720575940629672442,True
720575940629674809,True
720575940629676926,True
720575940629678864,True
720575940629682895,True
720575940629686315,True
720575940629690575,True
720575940629694027,True
720575940629697835,True
720575940629700138,True
720575940629703273,True
720575940629704553,True
720575940629707068,True
720575940629710444,True
720575940629713980,True
720575940629716730,True
720575940629720567,True
720575940629723241,True
720575940629725302,True
720575940629727994,True
720575940629730754,True
720575940629733626,True
720575940629737210,True
720575940629740560,True
720575940629743609,True
720575940629746038,True
720575940629749114,True
720575940629750872,True
720575940629753551,True
720575940629756556,True
720575940629759788,True
720575940629761691,True
720575940629764943,True
720575940629766615,True
720575940629769207,True
720575940629773276,True
720575940629777411,True
720575940629781264,True
720575940629783082,True
720575940629786103,True
720575940629787330,True
720575940629790224,True
720575940629792620,True
720575940629795227,True
720575940629797260,True
720575940629800830,True
720575940629803026,True
720575940629805571,True
720575940629809231,True
720575940629812602,True
720575940629817603,True
720575940629820571,True
720575940629822531,True
720575940629824828,True
720575940629827600,True
720575940629829175,True
720575940629832207,True
720575940629835390,True
720575940629837355,True
720575940629839738,True
720575940629842691,True
720575940629845442,True
720575940629846841,True
720575940629849404,True
720575940629852419,True
720575940629855567,True
720575940629856811,True
720575940629860089,True
720575940629861163,True
720575940629864443,True
720575940629868187,True
720575940629870458,True
720575940629872971,True
720575940629874806,True
720575940629877248,True
720575940629879040,True
720575940629881679,True
720575940629884715,True
720575940629886967,True
720575940629889383,True
720575940629893367,True
720575940629895484,True
720575940629899511,True
720575940629901047,True
720575940629903691,True
720575940629906223,True
720575940629907984,True
720575940629910543,True
720575940629913655,True
720575940629915919,True
720575940629917890,True
720575940629921099,True
720575940629923031,True
720575940629925647,True
720575940629928826,True
720575940629930831,True
720575940629933561,True
720575940629935742,True
720575940629937530,True
720575940629939703,True
720575940629941507,True
720575940629943148,True
720575940629945282,True
720575940629947664,True
720575940629949566,True
720575940629951567,True
720575940629954127,True
720575940629956368,True
720575940629959468,True
720575940629961295,True
720575940629964591,True
720575940629966648,True
720575940629969858,True
720575940629971791,True
720575940629974019,True
720575940629975868,True
720575940629978368,True
720575940629981455,True
720575940629984103,True
720575940629985986,True
720575940629989635,True
720575940629993210,True
720575940629996076,True
720575940629998491,True
720575940630002220,True
720575940630003983,True
720575940630006636,True
720575940630008783,True
720575940630011690,True
720575940630015055,True
720575940630017295,True
720575940630020409,True
720575940630022341,True
720575940630025039,True
720575940630026807,True
720575940630028560,True
720575940630033196,True
720575940630034704,True
720575940630037079,True
720575940630040438,True
720575940630042951,True
720575940630044775,True
720575940630046780,True
720575940630049617,True
720575940630052293,True
720575940630055159,True
720575940630058571,True
720575940630060887,True
720575940630065468,True
720575940630067816,True
720575940630071583,True
720575940630076151,True
720575940630081244,True
720575940630084507,True
720575940630086455,True
720575940630088091,True
720575940630091163,True
720575940630093815,True
720575940630097987,True
720575940630100471,True
720575940630102263,True
720575940630105047,True
720575940630108204,True
720575940630111610,True
720575940630114108,True
720575940630117570,True
720575940630118927,True
720575940630121276,True
720575940630125306,True
720575940630127660,True
720575940630131663,True
720575940630133882,True
720575940630137655,True
720575940630140519,True
720575940630143116,True
720575940630146135,True
720575940630149367,True
720575940630151724,True
720575940630153978,True
720575940630156619,True
720575940630159159,True
720575940630160384,True
720575940630162755,True
720575940630165820,True
720575940630169143,True
720575940630171842,True
720575940630174223,True
720575940630176503,True
720575940630179388,True
720575940630181340,True
720575940630183415,True
720575940630186571,True
720575940630189624,True
720575940630192938,True
720575940630196279,True
720575940630198016,True
720575940630201978,True
720575940630203842,True
720575940630205500,True
720575940630210348,True
720575940630211948,True
720575940630214956,True
720575940630218358,True
720575940630219851,True
720575940630221354,True
720575940630223148,True
720575940630227194,True
720575940630229442,True
720575940630233559,True
720575940630237083,True
720575940630239738,True
720575940630242498,True
720575940630244911,True
720575940630247579,True
720575940630250490,True
720575940630251807,True
720575940630253928,True
720575940630256402,True
720575940630258572,True
720575940630262735,True
720575940630265339,True
720575940630267803,True
720575940630269404,True
720575940630272108,True
720575940630274678,True
720575940630276567,True
720575940630280234,True
720575940630282297,True
720575940630285356,True
720575940630288440,True
720575940630290629,True
720575940630292439,True
720575940630295143,True
720575940630299127,True
720575940630301306,True
720575940630305271,True
720575940630306871,True
720575940630308663,True
720575940630311183,True
720575940630313271,True
720575940630316027,True
720575940630317818,True
720575940630321464,True
720575940630324992,True
720575940630327808,True
720575940630330410,True
720575940630334459,True
720575940630336634,True
720575940630340664,True
720575940630343030,True
720575940630344748,True
720575940630348140,True
720575940630352379,True
720575940630355783,True
720575940630358138,True
720575940630361119,True
720575940630365562,True
720575940630368732,True
720575940630371578,True
720575940630373623,True
720575940630376443,True
720575940630379126,True
720575940630382300,True
720575940630384890,True
720575940630387318,True
720575940630390266,True
720575940630391639,True
720575940630394424,True
720575940630399995,True
720575940630403948,True
720575940630406522,True
720575940630409413,True
720575940630411823,True
720575940630415866,True
720575940630418937,True
720575940630420727,True
720575940630423596,True
720575940630425564,True
720575940630427643,True
720575940630430070,True
720575940630432382,True
720575940630434858,True
720575940630438850,True
720575940630441299,True
720575940630444023,True
720575940630446206,True
720575940630449664,True
720575940630452951,True
720575940630456005,True
720575940630457517,True
720575940630460665,True
720575940630462167,True
720575940630464271,True
720575940630466295,True
720575940630468858,True
720575940630470526,True
720575940630473922,True
720575940630476619,True
720575940630481399,True
720575940630484606,True
720575940630486265,True
720575940630489130,True
720575940630492191,True
720575940630494776,True
720575940630498268,True
720575940630500293,True
720575940630503034,True
720575940630506819,True
720575940630508495,True
720575940630511222,True
720575940630513403,True
720575940630516862,True
720575940630519265,True
720575940630521916,True
720575940630525148,True
720575940630529402,True
720575940630533084,True
720575940630535740,True
720575940630538809,True
720575940630540282,True
720575940630542636,True
720575940630545274,True
720575940630546882,True
720575940630548162,True
720575940630550584,True
720575940630552770,True
720575940630557967,True
720575940630560638,True
720575940630562297,True
720575940630565688,True
720575940630568535,True
720575940630571052,True
720575940630572625,True
720575940630575042,True
720575940630577022,True
720575940630579795,True
720575940630583863,True
720575940630586642,True
720575940630587964,True
720575940630590326,True
720575940630591532,True
720575940630595415,True
720575940630597996,True
720575940630600951,True
720575940630602807,True
720575940630605050,True
720575940630607478,True
720575940630609346,True
720575940630610938,True
720575940630613575,True
720575940630616186,True
720575940630619196,True
720575940630621391,True
720575940630623819,True
720575940630626063,True
720575940630629540,True
720575940630633231,True
720575940630637330,True
720575940630641183,True
720575940630643275,True
720575940630645067,True
720575940630647546,True
720575940630650063,True
720575940630651510,True
720575940630653751,True
720575940630656204,True
720575940630659198,True
720575940630661583,True
720575940630665157,True
720575940630666511,True
720575940630668800,True
720575940630671734,True
720575940630673572,True
720575940630675326,True
720575940630676930,True
720575940630678231,True
720575940630681026,True
720575940630683383,True
720575940630685660,True
720575940630689079,True
720575940630691543,True
720575940630692986,True
720575940630695511,True
720575940630697979,True
720575940630700684,True
720575940630702892,True
720575940630705256,True
720575940630706903,True
720575940630709499,True
720575940630712151,True
720575940630715203,True
720575940630717175,True
720575940630719340,True
720575940630721150,True
720575940630724204,True
720575940630726095,True
720575940630728058,True
720575940630730106,True
720575940630733178,True
720575940630735447,True
720575940630737879,True
720575940630740266,True
720575940630742359,True
720575940630744019,True
720575940630745847,True
720575940630748068,True
720575940630750780,True
720575940630753733,True
720575940630755446,True
720575940630758014,True
720575940630760296,True
720575940630763724,True
720575940630765946,True
720575940630768940,True
720575940630770550,True
720575940630772727,True
720575940630774844,True
720575940630776569,True
720575940630779383,True
720575940630780919,True
720575940630784055,True
720575940630786555,True
720575940630788370,True
720575940630791272,True
720575940630796115,True
720575940630797568,True
720575940630799104,True
720575940630801090,True
720575940630804674,True
720575940630807418,True
720575940630810050,True
720575940630812111,True
720575940630813994,True
720575940630816450,True
720575940630819548,True
720575940630820828,True
720575940630823286,True
720575940630825772,True
720575940630827660,True
720575940630829879,True
720575940630833093,True
720575940630834652,True
720575940630838124,True
720575940630839656,True
720575940630843959,True
720575940630847287,True
720575940630851036,True
720575940630852663,True
720575940630856668,True
720575940630861612,True
720575940630864170,True
720575940630868215,True
720575940630870120,True
720575940630875387,True
720575940630877689,True
720575940630881111,True
720575940630882664,True
720575940630884908,True
720575940630887737,True
720575940630890807,True
720575940630893143,True
720575940630895191,True
720575940630898515,True
720575940630902083,True
720575940630903287,True
720575940630905130,True
720575940630907392,True
720575940630908921,True
720575940630911533,True
720575940630913221,True
720575940630916347,True
720575940630918930,True
720575940630920785,True
720575940630924625,True
720575940630926807,True
720575940630928715,True
720575940630930828,True
720575940630934329,True
720575940630936407,True
720575940630937916,True
720575940630941016,True
720575940630943668,True
720575940630946647,True
720575940630949071,True
720575940630950508,True
720575940630953547,True
720575940630955771,True
720575940630957884,True
720575940630960325,True
720575940630962903,True
720575940630965335,True
720575940630968121,True
720575940630970831,True
720575940630972921,True
720575940630975685,True
720575940630979065,True
720575940630980567,True
720575940630982796,True
720575940630984655,True
720575940630987727,True
720575940630989519,True
720575940630991308,True
720575940630993423,True
720575940630995537,True
720575940630997975,True
720575940631000591,True
720575940631002668,True
720575940631003723,True
720575940631007051,True
720575940631009335,True
720575940631012664,True
720575940631015255,True
720575940631017846,True
720575940631020027,True
720575940631022336,True
720575940631024379,True
720575940631026629,True
720575940631029775,True
720575940631034711,True
720575940631036687,True
720575940631039575,True
720575940631043116,True
720575940631046144,True
720575940631049002,True
720575940631051538,True
720575940631054634,True
720575940631057664,True
720575940631059730,True
720575940631062572,True
720575940631065144,True
720575940631067985,True
720575940631070239,True
720575940631073335,True
720575940631078460,True
720575940631082124,True
720575940631083833,True
720575940631086848,True
720575940631088591,True
720575940631090732,True
720575940631092567,True
720575940631094223,True
720575940631096527,True
720575940631099679,True
720575940631100928,True
720575940631103007,True
720575940631105654,True
720575940631107359,True
720575940631109371,True
720575940631111983,True
720575940631114348,True
720575940631117007,True
720575940631119468,True
720575940631123759,True
720575940631125036,True
720575940631128082,True
720575940631130423,True
720575940631131948,True
720575940631135247,True
720575940631139153,True
720575940631141224,True
720575940631143479,True
720575940631147148,True
720575940631150031,True
720575940631152492,True
720575940631154743,True
720575940631156431,True
720575940631158999,True
720575940631161667,True
720575940631164476,True
720575940631167503,True
720575940631170809,True
720575940631174103,True
720575940631176508,True
720575940631179807,True
720575940631182354,True
720575940631184441,True
720575940631186596,True
720575940631189199,True
720575940631190314,True
720575940631193856,True
720575940631196887,True
720575940631201039,True
720575940631203659,True
720575940631205948,True
720575940631209180,True
720575940631213393,True
720575940631216591,True
720575940631219500,True
720575940631221564,True
720575940631224407,True
720575940631226711,True
720575940631228719,True
720575940631232786,True
720575940631235692,True
720575940631237420,True
720575940631240443,True
720575940631243223,True
720575940631244918,True
720575940631247164,True
720575940631248844,True
720575940631250744,True
720575940631253199,True
720575940631254609,True
720575940631257133,True
720575940631259154,True
720575940631261604,True
720575940631262969,True
720575940631265091,True
720575940631269903,True
720575940631272515,True
720575940631275050,True
720575940631277131,True
720575940631278807,True
720575940631281483,True
720575940631283543,True
720575940631286487,True
720575940631289083,True
720575940631292204,True
720575940631294531,True
720575940631296204,True
720575940631298809,True
720575940631301647,True
720575940631304389,True
720575940631306233,True
720575940631307382,True
720575940631310799,True
720575940631313455,True
720575940631316498,True
720575940631317985,True
720575940631319377,True
720575940631322565,True
720575940631326223,True
720575940631329273,True
720575940631333113,True
720575940631336187,True
720575940631340815,True
720575940631342551,True
720575940631344971,True
720575940631347242,True
720575940631351619,True
720575940631356235,True
720575940631360220,True
720575940631364603,True
720575940631366483,True
720575940631368652,True
720575940631371295,True
720575940631375947,True
720575940631378959,True
720575940631380695,True
720575940631382851,True
720575940631386937,True
720575940631389548,True
720575940631393484,True
720575940631394883,True
720575940631397955,True
720575940631402348,True
720575940631404751,True
720575940631406944,True
720575940631408548,True
720575940631411318,True
720575940631414072,True
720575940631417119,True
720575940631420077,True
720575940631422776,True
720575940631425128,True
720575940631427535,True
720575940631431542,True
720575940631434693,True
720575940631438329,True
720575940631441682,True
720575940631444522,True
720575940631447148,True
720575940631449106,True
720575940631451897,True
720575940631453814,True
720575940631456331,True
720575940631459629,True
720575940631462927,True
720575940631466583,True
720575940631468306,True
720575940631470137,True
720575940631474639,True
720575940631477335,True
720575940631480919,True
720575940631483510,True
720575940631485251,True
720575940631488301,True
720575940631492153,True
720575940631495499,True
720575940631499064,True
720575940631501779,True
720575940631503928,True
720575940631505913,True
720575940631507963,True
720575940631510034,True
720575940631512424,True
720575940631517637,True
720575940631521080,True
720575940631523671,True
720575940631525583,True
720575940631527480,True
720575940631529669,True
720575940631531562,True
720575940631536455,True
720575940631539830,True
720575940631542802,True
720575940631545541,True
720575940631547899,True
720575940631550715,True
720575940631553603,True
720575940631556772,True
720575940631560267,True
720575940631563515,True
720575940631566841,True
720575940631569464,True
720575940631572305,True
720575940631574981,True
720575940631576109,True
720575940631579211,True
720575940631583018,True
720575940631586555,True
720575940631589284,True
720575940631592463,True
720575940631594833,True
720575940631597819,True
720575940631599611,True
720575940631603281,True
720575940631608172,True
720575940631612012,True
720575940631615545,True
720575940631618090,True
720575940631619944,True
720575940631621843,True
720575940631624504,True
720575940631626255,True
720575940631627843,True
720575940631629899,True
720575940631632844,True
720575940631637243,True
720575940631639400,True
720575940631641704,True
720575940631643946,True
720575940631648709,True
720575940631651810,True
720575940631653719,True
720575940631658315,True
720575940631662147,True
720575940631665426,True
720575940631668823,True
720575940631672362,True
720575940631676202,True
720575940631680312,True
720575940631683927,True
720575940631686239,True
720575940631688901,True
720575940631692283,True
720575940631694137,True
720575940631698191,True
720575940631701608,True
720575940631704271,True
720575940631708836,True
720575940631711021,True
720575940631713384,True
720575940631717167,True
720575940631721287,True
720575940631724025,True
720575940631725880,True
720575940631729209,True
720575940631731560,True
720575940631733587,True
720575940631737593,True
720575940631741032,True
720575940631744081,True
720575940631748653,True
720575940631753167,True
720575940631756495,True
720575940631759939,True
720575940631763909,True
720575940631767353,True
720575940631770639,True
720575940631775173,True
720575940631778444,True
720575940631782712,True
720575940631787095,True
720575940631791533,True
720575940631794730,True
720575940631798851,True
720575940631803333,True
720575940631805999,True
720575940631809867,True
720575940631813516,True
720575940631816332,True
720575940631821253,True
720575940631824146,True
720575940631827663,True
720575940631833103,True
720575940631836728,True
720575940631839827,True
720575940631842956,True
720575940631845151,True
720575940631848234,True
720575940631855045,True
720575940631858499,True
720575940631864659,True
720575940631867343,True
720575940631870479,True
720575940631875147,True
720575940631877688,True
720575940631880505,True
720575940631883717,True
720575940631885880,True
720575940631889965,True
720575940631893847,True
720575940631896546,True
720575940631899105,True
720575940631902035,True
720575940631906123,True
720575940631909829,True
720575940631912389,True
720575940631915083,True
720575940631917928,True
720575940631922489,True
720575940631925096,True
720575940631926599,True
720575940631929675,True
720575940631932759,True
720575940631936075,True
720575940631938371,True
720575940631941167,True
720575940631945047,True
720575940631948741,True
720575940631952325,True
720575940631955938,True
720575940631957644,True
720575940631960290,True
720575940631962705,True
720575940631964985,True
720575940631967506,True
720575940631969867,True
720575940631972367,True
720575940631973829,True
720575940631976023,True
720575940631978287,True
720575940631981143,True
720575940631983813,True
720575940631986499,True
720575940631989591,True
720575940631991476,True
720575940631994386,True
720575940631997381,True
720575940631999951,True
720575940632001700,True
720575940632003907,True
720575940632007186,True
720575940632008978,True
720575940632011576,True
720575940632014284,True
720575940632016943,True
720575940632021835,True
720575940632026078,True
720575940632028743,True
720575940632032204,True
720575940632034360,True
720575940632037224,True
720575940632041247,True
720575940632043576,True
720575940632046659,True
720575940632050450,True
720575940632053835,True
720575940632056338,True
720575940632059532,True
720575940632062372,True
720575940632065337,True
720575940632068383,True
720575940632070820,True
720575940632074669,True
720575940632077583,True
720575940632079943,True
720575940632082001,True
720575940632084705,True
720575940632086599,True
720575940632088907,True
720575940632091812,True
720575940632093544,True
720575940632096587,True
720575940632101583,True
720575940632103499,True
720575940632107676,True
720575940632110543,True
720575940632114191,True
720575940632116943,True
720575940632120632,True
720575940632123439,True
720575940632126008,True
720575940632129567,True
720575940632134483,True
720575940632137770,True
720575940632143947,True
720575940632147215,True
720575940632153615,True
720575940632158279,True
720575940632161491,True
720575940632164397,True
720575940632167481,True
720575940632171724,True
720575940632173103,True
720575940632177453,True
720575940632179816,True
720575940632183948,True
720575940632187603,True
720575940632190735,True
720575940632194700,True
720575940632198317,True
720575940632201007,True
720575940632206244,True
720575940632210145,True
720575940632213551,True
720575940632216079,True
720575940632218984,True
720575940632223563,True
720575940632226371,True
720575940632229457,True
720575940632232418,True
720575940632236956,True
720575940632239976,True
720575940632243340,True
720575940632248395,True
720575940632252130,True
720575940632256481,True
720575940632259143,True
720575940632261423,True
720575940632264040,True
720575940632266297,True
720575940632269098,True
720575940632271780,True
720575940632275025,True
720575940632279341,True
720575940632282449,True
720575940632285132,True
720575940632288849,True
720575940632293191,True
720575940632296519,True
720575940632299916,True
720575940632303073,True
720575940632305036,True
720575940632307048,True
720575940632309841,True
720575940632312907,True
720575940632316205,True
720575940632319032,True
720575940632321867,True
720575940632326979,True
720575940632331857,True
720575940632335780,True
720575940632338828,True
720575940632342603,True
720575940632346695,True
720575940632350545,True
720575940632353228,True
720575940632355659,True
720575940632357984,True
720575940632361111,True
720575940632363150,True
720575940632365639,True
720575940632368696,True
720575940632372380,True
720575940632374867,True
720575940632377375,True
720575940632380216,True
720575940632382767,True
720575940632384810,True
720575940632387353,True
720575940632389432,True
720575940632391566,True
720575940632393372,True
720575940632394916,True
720575940632396611,True
720575940632399119,True
720575940632400911,True
720575940632402588,True
720575940632405816,True
720575940632408228,True
720575940632410386,True
720575940632411556,True
720575940632414008,True
720575940632416095,True
720575940632417554,True
720575940632421663,True
720575940632424147,True
720575940632426282,True
720575940632428871,True
720575940632432184,True
720575940632433962,True
720575940632436072,True
720575940632438428,True
720575940632442383,True
720575940632445852,True
720575940632450631,True
720575940632453418,True
720575940632455722,True
720575940632459538,True
720575940632462137,True
720575940632464232,True
720575940632466784,True
720575940632470290,True
720575940632475449,True
720575940632478291,True
720575940632481849,True
720575940632484911,True
720575940632488223,True
720575940632491219,True
720575940632495135,True
720575940632499757,True
720575940632502543,True
720575940632505103,True
720575940632508627,True
720575940632511201,True
720575940632513592,True
720575940632517028,True
720575940632519992,True
720575940632524074,True
720575940632526500,True
720575940632528671,True
720575940632531256,True
720575940632534355,True
720575940632537145,True
720575940632541523,True
720575940632544579,True
720575940632547615,True
720575940632554700,True
720575940632559464,True
720575940632564269,True
720575940632566355,True
720575940632570593,True
720575940632572497,True
720575940632575388,True
720575940632578863,True
720575940632582807,True
720575940632585263,True
720575940632588430,True
720575940632591171,True
720575940632594489,True
720575940632598376,True
720575940632602532,True
720575940632605092,True
720575940632607423,True
720575940632611176,True
720575940632614979,True
720575940632617100,True
720575940632619033,True
720575940632622893,True
720575940632626402,True
720575940632628803,True
720575940632631507,True
720575940632634707,True
720575940632637215,True
720575940632639714,True
720575940632642408,True
720575940632646189,True
720575940632649697,True
720575940632652057,True
720575940632657036,True
720575940632661295,True
720575940632664268,True
720575940632666649,True
720575940632669666,True
720575940632671336,True
720575940632674605,True
720575940632677145,True
720575940632680760,True
720575940632683347,True
720575940632688780,True
720575940632692051,True
720575940632695204,True
720575940632698413,True
720575940632700364,True
720575940632704047,True
720575940632707027,True
720575940632711052,True
720575940632714835,True
720575940632716698,True
720575940632719683,True
720575940632722527,True
720575940632725816,True
720575940632729192,True
720575940632731704,True
720575940632733792,True
720575940632735545,True
720575940632737069,True
720575940632738897,True
720575940632742504,True
720575940632746391,True
720575940632749794,True
720575940632753223,True
720575940632756781,True
720575940632759460,True
720575940632760801,True
720575940632764264,True
720575940632767080,True
720575940632769175,True
720575940632772704,True
720575940632776396,True
720575940632778067,True
720575940632780492,True
720575940632783673,True
720575940632787296,True
720575940632789924,True
720575940632792657,True
720575940632796264,True
720575940632802841,True
720575940632804383,True
720575940632805602,True
720575940632809064,True
720575940632811880,True
720575940632815780,True
720575940632817768,True
720575940632821059,True
720575940632824511,True
720575940632826961,True
720575940632828755,True
720575940632831263,True
720575940632834188,True
720575940632837004,True
720575940632840877,True
720575940632844591,True
720575940632847968,True
720575940632851769,True
720575940632854423,True
720575940632857647,True
720575940632861267,True
720575940632867411,True
720575940632871469,True
720575940632874029,True
720575940632877282,True
720575940632880185,True
720575940632883795,True
720575940632889171,True
720575940632891961,True
720575940632895263,True
720575940632897875,True
720575940632900959,True
720575940632903906,True
720575940632907091,True
720575940632911431,True
720575940632913720,True
720575940632918701,True
720575940632922276,True
720575940632926765,True
720575940632929690,True
720575940632932397,True
720575940632934751,True
720575940632940335,True
720575940632944851,True
720575940632950831,True
720575940632954925,True
720575940632958946,True
720575940632961164,True
720575940632964423,True
720575940632969567,True
720575940632973383,True
720575940632977292,True
720575940632980132,True
720575940632984749,True
720575940632988351,True
720575940632991935,True
720575940632996307,True
720575940632999578,True
720575940633003053,True
720575940633006367,True
720575940633009121,True
720575940633012620,True
720575940633015213,True
720575940633021338,True
720575940633026980,True
720575940633030611,True
720575940633035079,True
720575940633039687,True
720575940633042989,True
720575940633050334,True
720575940633053521,True
720575940633057943,True
720575940633062335,True
720575940633067807,True
720575940633072711,True
720575940633077421,True
720575940633079763,True
720575940633084499,True
720575940633088979,True
720575940633092492,True
720575940633094681,True
720575940633100575,True
720575940633104045,True
720575940633109063,True
720575940633116095,True
720575940633118637,True
720575940633122972,True
720575940633126983,True
720575940633130592,True
720575940633135697,True
720575940633138330,True
720575940633142682,True
720575940633146705,True
720575940633149357,True
720575940633155226,True
720575940633159891,True
720575940633163437,True
720575940633165907,True
720575940633168548,True
720575940633170969,True
720575940633174242,True
720575940633177696,True
720575940633182035,True
720575940633184813,True
720575940633188121,True
720575940633190847,True
720575940633192930,True
720575940633195079,True
720575940633197639,True
720575940633199756,True
720575940633202479,True
720575940633206476,True
720575940633207777,True
720575940633210975,True
720575940633213591,True
720575940633215405,True
720575940633219399,True
720575940633222099,True
720575940633223844,True
720575940633226321,True
720575940633228103,True
720575940633232548,True
720575940633235551,True
720575940633240367,True
720575940633243949,True
720575940633246931,True
720575940633251665,True
720575940633254737,True
720575940633258925,True
720575940633263308,True
720575940633267876,True
720575940633275874,True
720575940633279827,True
720575940633284383,True
720575940633288032,True
720575940633292461,True
720575940633295052,True
720575940633299155,True
720575940633301183,True
720575940633305425,True
720575940633310675,True
720575940633314129,True
720575940633317713,True
720575940633322065,True
720575940633326244,True
720575940633330111,True
720575940633335123,True
720575940633338316,True
720575940633341523,True
720575940633345567,True
720575940633350943,True
720575940633353809,True
720575940633356883,True
720575940633360595,True
720575940633364947,True
720575940633366995,True
720575940633370649,True
720575940633373176,True
720575940633377484,True
720575940633382611,True
720575940633387309,True
720575940633392083,True
720575940633395999,True
720575940633398123,True
720575940633403167,True
720575940633411373,True
720575940633416604,True
720575940633422675,True
720575940633427923,True
720575940633430112,True
720575940633437357,True
720575940633439917,True
720575940633444179,True
720575940633448147,True
720575940633452575,True
720575940633457050,True
720575940633462829,True
720575940633471583,True
720575940633475991,True
720575940633479628,True
720575940633484717,True
720575940633488979,True
720575940633495597,True
720575940633497826,True
720575940633501326,True
720575940633506079,True
720575940633510611,True
720575940633515603,True
720575940633519514,True
720575940633523351,True
720575940633528801,True
720575940633533900,True
720575940633539103,True
720575940633543531,True
720575940633548188,True
720575940633552028,True
720575940633554636,True
720575940633558753,True
720575940633562078,True
720575940633566690,True
720575940633569709,True
720575940633572250,True
720575940633575575,True
720575940633580384,True
720575940633583820,True
720575940633587937,True
720575940633590957,True
720575940633595053,True
720575940633600225,True
720575940633604691,True
720575940633609133,True
720575940633612698,True
720575940633615405,True
720575940633620132,True
720575940633624974,True
720575940633628580,True
720575940633634785,True
720575940633641568,True
720575940633645011,True
720575940633651351,True
720575940633656255,True
720575940633660333,True
720575940633664281,True
720575940633668031,True
720575940633671469,True
720575940633676479,True
720575940633682574,True
720575940633686520,True
720575940633690451,True
720575940633696096,True
720575940633699245,True
720575940633704287,True
720575940633710105,True
720575940633714899,True
720575940633717856,True
720575940633723362,True
720575940633726303,True
720575940633730329,True
720575940633734366,True
720575940633737133,True
720575940633743796,True
720575940633748706,True
720575940633754292,True
720575940633760607,True
720575940633763411,True
720575940633767332,True
720575940633771256,True
720575940633774187,True
720575940633779117,True
720575940633781805,True
720575940633786007,True
720575940633788768,True
720575940633791935,True
720575940633797933,True
720575940633802210,True
720575940633806163,True
720575940633808665,True
720575940633812366,True
720575940633816601,True
720575940633822690,True
720575940633827935,True
720575940633831264,True
720575940633834579,True
720575940633838361,True
720575940633842062,True
720575940633848312,True
720575940633851731,True
720575940633856863,True
720575940633860494,True
720575940633867603,True
720575940633873433,True
720575940633878623,True
720575940633884205,True
720575940633887955,True
720575940633892435,True
720575940633895566,True
720575940633901869,True
720575940633905325,True
720575940633909600,True
720575940633914263,True
720575940633916717,True
720575940633921453,True
720575940633925788,True
720575940633931150,True
720575940633937581,True
720575940633940761,True
720575940633946720,True
720575940633953434,True
720575940633959379,True
720575940633965724,True
720575940633973529,True
720575940633978266,True
720575940633982675,True
720575940633987228,True
720575940633990812,True
720575940633995181,True
720575940633999129,True
720575940634005203,True
720575940634013410,True
720575940634017619,True
720575940634024599,True
720575940634027383,True
720575940634035411,True
720575940634040312,True
720575940634048723,True
720575940634057976,True
720575940634067937,True
720575940634074047,True
720575940634081655,True
720575940634087393,True
720575940634092442,True
720575940634100335,True
720575940634107292,True
720575940634113687,True
720575940634121055,True
720575940634126949,True
720575940634132636,True
720575940634140011,True
720575940634144703,True
720575940634153497,True
720575940634161634,True
720575940634167777,True
720575940634173153,True
720575940634181020,True
720575940634185626,True
720575940634189463,True
720575940634197172,True
720575940634201195,True
720575940634207087,True
720575940634211097,True
720575940634216217,True
720575940634221593,True
720575940634224609,True
720575940634230809,True
720575940634233811,True
720575940634238143,True
720575940634243283,True
720575940634248559,True
720575940634255516,True
720575940634257945,True
720575940634262297,True
720575940634270388,True
720575940634280092,True
720575940634284686,True
720575940634289377,True
720575940634294111,True
720575940634300385,True
720575940634305747,True
720575940634310763,True
720575940634317724,True
720575940634322583,True
720575940634329811,True
720575940634333338,True
720575940634340066,True
720575940634346382,True
720575940634350035,True
720575940634354844,True
720575940634358428,True
720575940634362835,True
720575940634369643,True
720575940634375068,True
720575940634382328,True
720575940634388622,True
720575940634396385,True
720575940634402411,True
720575940634412468,True
720575940634417433,True
720575940634424056,True
720575940634428256,True
720575940634431644,True
720575940634437020,True
720575940634442091,True
720575940634451169,True
720575940634455522,True
720575940634460385,True
720575940634467064,True
720575940634475033,True
720575940634482783,True
720575940634489592,True
720575940634498167,True
720575940634503449,True
720575940634510231,True
720575940634520033,True
720575940634525153,True
720575940634530530,True
720575940634537953,True
720575940634545400,True
720575940634551522,True
720575940634558489,True
720575940634569579,True
720575940634575711,True
720575940634580331,True
720575940634585975,True
720575940634592412,True
720575940634599269,True
720575940634603711,True
720575940634607711,True
720575940634612705,True
720575940634616687,True
720575940634622103,True
720575940634627353,True
720575940634632078,True
720575940634636514,True
720575940634640023,True
720575940634645600,True
720575940634652523,True
720575940634658785,True
720575940634664674,True
720575940634667371,True
720575940634675045,True
720575940634678635,True
720575940634682593,True
720575940634687769,True
720575940634691553,True
720575940634696161,True
720575940634701407,True
720575940634706424,True
720575940634710629,True
720575940634717153,True
720575940634722400,True
720575940634727359,True
720575940634731631,True
720575940634736535,True
720575940634743544,True
720575940634750871,True
720575940634757345,True
720575940634761208,True
720575940634768063,True
720575940634775706,True
720575940634781631,True
720575940634787097,True
720575940634791575,True
720575940634797212,True
720575940634804159,True
720575940634809455,True
720575940634815327,True
720575940634820799,True
720575940634826095,True
720575940634832028,True
720575940634838172,True
720575940634840767,True
720575940634845295,True
720575940634851952,True
720575940634860143,True
720575940634867342,True
720575940634871950,True
720575940634879130,True
720575940634885015,True
720575940634890175,True
720575940634896023,True
720575940634900847,True
720575940634904677,True
720575940634909807,True
720575940634914411,True
720575940634919066,True
720575940634924444,True
720575940634934170,True
720575940634939417,True
720575940634943344,True
720575940634948088,True
720575940634952184,True
720575940634956399,True
720575940634961815,True
720575940634964984,True
720575940634971071,True
720575940634976668,True
720575940634984372,True
720575940634990271,True
720575940634995960,True
720575940635000215,True
720575940635004271,True
720575940635009376,True
720575940635015615,True
720575940635020698,True
720575940635025765,True
720575940635030207,True
720575940635034360,True
720575940635041305,True
720575940635047319,True
720575940635051871,True
720575940635058612,True
720575940635065625,True
720575940635069209,True
720575940635073431,True
720575940635076633,True
720575940635081464,True
720575940635085919,True
720575940635090201,True
720575940635094809,True
720575940635098522,True
720575940635103001,True
720575940635109983,True
720575940635113151,True
720575940635116383,True
720575940635119967,True
720575940635124063,True
720575940635127964,True
720575940635134576,True
720575940635137643,True
720575940635141999,True
720575940635144555,True
720575940635147164,True
720575940635151641,True
720575940635155351,True
720575940635159136,True
720575940635164011,True
720575940635169888,True
720575940635172003,True
720575940635175263,True
720575940635177891,True
720575940635182746,True
720575940635185588,True
720575940635189658,True
720575940635195799,True
720575940635201643,True
720575940635205783,True
720575940635209367,True
720575940635212280,True
720575940635217144,True
720575940635223152,True
720575940635227034,True
720575940635231071,True
720575940635234400,True
720575940635239075,True
720575940635243127,True
720575940635247267,True
720575940635252109,True
720575940635257495,True
720575940635263156,True
720575940635269983,True
720575940635273623,True
720575940635278015,True
720575940635283808,True
720575940635288474,True
720575940635294309,True
720575940635300448,True
720575940635307375,True
720575940635310743,True
720575940635315391,True
720575940635323290,True
720575940635329180,True
720575940635335319,True
720575940635339406,True
720575940635344751,True
720575940635351288,True
720575940635356316,True
720575940635362716,True
720575940635367520,True
720575940635371405,True
720575940635374231,True
720575940635383147,True
720575940635388783,True
720575940635395429,True
720575940635404896,True
720575940635410356,True
720575940635415664,True
720575940635422862,True
720575940635434943,True
720575940635442583,True
720575940635449184,True
720575940635452664,True
720575940635458040,True
720575940635461550,True
720575940635465573,True
720575940635469919,True
720575940635473760,True
720575940635479950,True
720575940635487845,True
720575940635491758,True
720575940635497311,True
720575940635501560,True
720575940635507960,True
720575940635513023,True
720575940635517024,True
720575940635522911,True
720575940635528696,True
720575940635534231,True
720575940635537271,True
720575940635541143,True
720575940635545310,True
720575940635552111,True
720575940635555246,True
720575940635559092,True
720575940635562420,True
720575940635565978,True
720575940635570879,True
720575940635576160,True
720575940635582303,True
720575940635586405,True
720575940635590136,True
720575940635593358,True
720575940635600247,True
720575940635605399,True
720575940635609012,True
720575940635615156,True
720575940635621783,True
720575940635625652,True
720575940635629748,True
720575940635633271,True
720575940635637422,True
720575940635642775,True
720575940635648760,True
720575940635653812,True
720575940635659748,True
720575940635664279,True
720575940635667813,True
720575940635671470,True
720575940635675767,True
720575940635680363,True
720575940635684762,True
720575940635689370,True
720575940635693919,True
720575940635696120,True
720575940635699807,True
720575940635702935,True
720575940635706548,True
720575940635712119,True
720575940635716191,True
720575940635722597,True
720575940635727864,True
720575940635735407,True
720575940635739743,True
720575940635744879,True
720575940635748344,True
720575940635754091,True
720575940635757978,True
720575940635761332,True
720575940635767642,True
720575940635771828,True
720575940635778970,True
720575940635788607,True
720575940635791295,True
720575940635798008,True
720575940635803822,True
720575940635812959,True
720575940635819256,True
720575940635825144,True
720575940635833791,True
720575940635839077,True
720575940635844762,True
720575940635849908,True
720575940635853796,True
720575940635859813,True
720575940635864511,True
720575940635869082,True
720575940635873904,True
720575940635878042,True
720575940635883674,True
720575940635887593,True
720575940635891802,True
720575940635898266,True
720575940635902047,True
720575940635907179,True
720575940635911416,True
720575940635917722,True
720575940635925855,True
720575940635930231,True
720575940635936351,True
720575940635943834,True
720575940635948143,True
720575940635953343,True
720575940635957183,True
720575940635960730,True
720575940635966143,True
720575940635970190,True
720575940635977626,True
720575940635983002,True
720575940635989390,True
720575940635996015,True
720575940636004975,True
720575940636014175,True
720575940636020122,True
720575940636024415,True
720575940636030185,True
720575940636037006,True
720575940636044912,True
720575940636052080,True
720575940636058987,True
720575940636065716,True
720575940636070392,True
720575940636075444,True
720575940636081144,True
720575940636088056,True
720575940636095599,True
720575940636104628,True
720575940636109675,True
720575940636112747,True
720575940636117359,True
720575940636124015,True
720575940636131439,True
720575940636137335,True
720575940636144752,True
720575940636151220,True
720575940636154223,True
720575940636158059,True
720575940636162143,True
720575940636167604,True
720575940636177515,True
720575940636186736,True
720575940636193204,True
720575940636201061,True
720575940636208888,True
720575940636216553,True
720575940636224142,True
720575940636229483,True
720575940636235444,True
720575940636241912,True
720575940636247273,True
720575940636253550,True
720575940636261488,True
720575940636267950,True
720575940636273294,True
720575940636280683,True
720575940636288887,True
720575940636294263,True
720575940636302143,True
720575940636306751,True
720575940636311408,True
720575940636318350,True
720575940636324856,True
720575940636332143,True
720575940636339567,True
720575940636344824,True
720575940636348408,True
720575940636351863,True
720575940636359023,True
720575940636365454,True
720575940636370665,True
720575940636376804,True
720575940636381673,True
720575940636384887,True
720575940636392567,True
720575940636408165,True
720575940636415966,True
720575940636422767,True
720575940636433656,True
720575940636441310,True
720575940636448375,True
720575940636459887,True
720575940636467575,True
720575940636474798,True
720575940636481513,True
720575940636487054,True
720575940636490894,True
720575940636497332,True
720575940636502383,True
720575940636508517,True
720575940636515429,True
720575940636521562,True
720575940636524280,True
720575940636528959,True
720575940636533574,True
720575940636536951,True
720575940636542565,True
720575940636553306,True
720575940636557796,True
720575940636562916,True
720575940636568494,True
720575940636572016,True
720575940636575662,True
720575940636583269,True
720575940636588655,True
720575940636593550,True
720575940636599182,True
720575940636604814,True
720575940636609343,True
720575940636615160,True
720575940636622734,True
720575940636627960,True
720575940636636486,True
720575940636643214,True
720575940636648590,True
720575940636652792,True
720575940636656997,True
720575940636662885,True
720575940636670583,True
720575940636679989,True
720575940636686170,True
720575940636690544,True
720575940636698286,True
720575940636705502,True
720575940636711566,True
720575940636718704,True
720575940636726117,True
720575940636733029,True
720575940636737934,True
720575940636747639,True
720575940636757476,True
720575940636762766,True
720575940636771758,True
720575940636776590,True
720575940636783727,True
720575940636790158,True
720575940636795790,True
720575940636803418,True
720575940636808805,True
720575940636815727,True
720575940636822069,True
720575940636829582,True
720575940636835695,True
720575940636841023,True
720575940636844974,True
720575940636855871,True
720575940636864869,True
720575940636869262,True
720575940636877175,True
720575940636881271,True
720575940636885871,True
720575940636888639,True
720575940636894638,True
720575940636898281,True
720575940636903750,True
720575940636912986,True
720575940636917349,True
720575940636923199,True
720575940636930190,True
720575940636935390,True
720575940636941998,True
720575940636945253,True
720575940636955199,True
720575940636961758,True
720575940636966519,True
720575940636975471,True
720575940636982446,True
720575940636989070,True
720575940636992174,True
720575940636999401,True
720575940637005390,True
720575940637015694,True
720575940637023966,True
720575940637030007,True
720575940637035918,True
720575940637041118,True
720575940637046903,True
720575940637052900,True
720575940637060270,True
720575940637066352,True
720575940637072350,True
720575940637079667,True
720575940637086576,True
720575940637090927,True
720575940637096805,True
720575940637101413,True
720575940637107312,True
720575940637114334,True
720575940637122111,True
720575940637130985,True
720575940637142837,True
720575940637148479,True
720575940637154661,True
720575940637164151,True
720575940637169636,True
720575940637176895,True
720575940637182821,True
720575940637188836,True
720575940637196389,True
720575940637203389,True
720575940637209975,True
720575940637218672,True
720575940637223221,True
720575940637228206,True
720575940637232730,True
720575940637238373,True
720575940637243767,True
720575940637250661,True
720575940637256245,True
720575940637262143,True
720575940637270086,True
720575940637277117,True
720575940637281125,True
720575940637288782,True
720575940637292400,True
720575940637297765,True
720575940637303408,True
720575940637308016,True
720575940637314405,True
720575940637317951,True
720575940637321847,True
720575940637327686,True
720575940637333214,True
720575940637341582,True
720575940637350470,True
720575940637355497,True
720575940637363519,True
720575940637369653,True
720575940637374527,True
720575940637379550,True
720575940637387376,True
720575940637394851,True
720575940637400165,True
720575940637406942,True
720575940637412841,True
720575940637419120,True
720575940637429934,True
720575940637435504,True
720575940637440489,True
720575940637446622,True
720575940637453486,True
720575940637459546,True
720575940637464205,True
720575940637471677,True
720575940637477439,True
720575940637485939,True
720575940637492702,True
720575940637498469,True
720575940637505966,True
720575940637509958,True
720575940637513390,True
720575940637521037,True
720575940637526845,True
720575940637531620,True
720575940637536101,True
720575940637541773,True
720575940637545869,True
720575940637554062,True
720575940637559155,True
720575940637566686,True
720575940637572324,True
720575940637578893,True
720575940637584755,True
720575940637591622,True
720575940637596126,True
720575940637603952,True
720575940637610352,True
720575940637612718,True
720575940637618254,True
720575940637621360,True
720575940637627206,True
720575940637631333,True
720575940637636270,True
720575940637643109,True
720575940637645936,True
720575940637649806,True
720575940637652702,True
720575940637659749,True
720575940637662894,True
720575940637666734,True
720575940637673950,True
720575940637678426,True
720575940637682573,True
720575940637687408,True
720575940637690798,True
720575940637698478,True
720575940637702234,True
720575940637711438,True
720575940637718598,True
720575940637726810,True
720575940637731817,True
720575940637739888,True
720575940637745264,True
720575940637748669,True
720575940637754286,True
720575940637759029,True
720575940637763135,True
720575940637769542,True
720575940637775582,True
720575940637784548,True
720575940637790013,True
720575940637794672,True
720575940637804144,True
720575940637810239,True
720575940637817670,True
720575940637824575,True
720575940637832110,True
720575940637835610,True
720575940637841520,True
720575940637846618,True
720575940637851069,True
720575940637857648,True
720575940637862726,True
720575940637869284,True
720575940637876080,True
720575940637883776,True
720575940637893609,True
720575940637901731,True
720575940637908131,True
720575940637918042,True
720575940637923647,True
720575940637932766,True
720575940637937498,True
720575940637943920,True
720575940637949503,True
720575940637954886,True
720575940637964521,True
720575940637970921,True
720575940637976688,True
720575940637982552,True
720575940637989978,True
720575940637994941,True
720575940638004457,True
720575940638009919,True
720575940638017862,True
720575940638023024,True
720575940638029796,True
720575940638038342,True
720575940638044250,True
720575940638051696,True
720575940638054719,True
720575940638060378,True
720575940638065571,True
720575940638070505,True
720575940638075967,True
720575940638082163,True
720575940638088026,True
720575940638094569,True
720575940638098851,True
720575940638104036,True
720575940638111716,True
720575940638116723,True
720575940638122718,True
720575940638126448,True
720575940638132799,True
720575940638136666,True
720575940638139738,True
720575940638145651,True
720575940638149865,True
720575940638155497,True
720575940638160617,True
720575940638164806,True
720575940638169917,True
720575940638177769,True
720575940638185048,True
720575940638192829,True
720575940638197070,True
720575940638201919,True
720575940638208627,True
720575940638214461,True
720575940638220378,True
720575940638226910,True
720575940638230505,True
720575940638238953,True
720575940638244580,True
720575940638248253,True
720575940638251590,True
720575940638254825,True
720575940638260452,True
720575940638267992,True
720575940638273513,True
720575940638280006,True
720575940638287219,True
720575940638294505,True
720575940638302592,True
720575940638309353,True
720575940638313449,True
720575940638320256,True
720575940638331226,True
720575940638333759,True
720575940638339773,True
720575940638345023,True
720575940638352803,True
720575940638361405,True
720575940638367933,True
720575940638376792,True
720575940638382682,True
720575940638391384,True
720575940638398278,True
720575940638404580,True
720575940638412928,True
720575940638420302,True
720575940638429786,True
720575940638434749,True
720575940638442328,True
720575940638447838,True
720575940638456798,True
720575940638462697,True
720575940638468184,True
720575940638473050,True
720575940638479844,True
720575940638483934,True
720575940638490458,True
720575940638493274,True
720575940638498000,True
720575940638507354,True
720575940638511332,True
720575940638518249,True
720575940638526278,True
720575940638535296,True
720575940638540989,True
720575940638545385,True
720575940638549732,True
720575940638558115,True
720575940638562394,True
720575940638567913,True
720575940638574936,True
720575940638581080,True
720575940638591320,True
720575940638594793,True
720575940638602842,True
720575940638608216,True
720575940638614244,True
720575940638620905,True
720575940638626532,True
720575940638632381,True
720575940638636120,True
720575940638639838,True
720575940638642654,True
720575940638647774,True
720575940638654141,True
720575940638663221,True
720575940638668878,True
720575940638675782,True
720575940638681203,True
720575940638685673,True
720575940638693604,True
720575940638699096,True
720575940638705280,True
720575940638713690,True
720575940638719807,True
720575940638723133,True
720575940638728420,True
720575940638733402,True
720575940638740058,True
720575940638746175,True
720575940638752838,True
720575940638762054,True
720575940638767450,True
720575940638771940,True
720575940638776227,True
720575940638782953,True
720575940638792611,True
720575940638800437,True
720575940638809065,True
720575940638815039,True
720575940638820217,True
720575940638828614,True
720575940638832949,True
720575940638837582,True
720575940638843462,True
720575940638848326,True
720575940638857168,True
720575940638863987,True
720575940638869557,True
720575940638877629,True
720575940638881699,True
720575940638887750,True
720575940638890559,True
720575940638895194,True
720575940638901875,True
720575940638907264,True
720575940638915674,True
720575940638923492,True
720575940638928191,True
720575940638933737,True
720575940638939994,True
720575940638948927,True
720575940638957801,True
720575940638962153,True
720575940638966947,True
720575940638974141,True
720575940638978136,True
720575940638983401,True
720575940638989375,True
720575940638994495,True
720575940639004032,True
720575940639012836,True
720575940639019753,True
720575940639022755,True
720575940639027290,True
720575940639030591,True
720575940639035364,True
720575940639040334,True
720575940639043418,True
720575940639048181,True
720575940639053375,True
720575940639055933,True
720575940639060925,True
720575940639065690,True
720575940639069493,True
720575940639072189,True
720575940639077283,True
720575940639081798,True
720575940639088361,True
720575940639094872,True
720575940639102015,True
720575940639110222,True
720575940639116733,True
720575940639122640,True
720575940639128646,True
720575940639135295,True
720575940639140341,True
720575940639146310,True
720575940639151935,True
720575940639156799,True
720575940639160920,True
720575940639164544,True
720575940639169152,True
720575940639172304,True
720575940639176681,True
720575940639182424,True
720575940639191012,True
720575940639195776,True
720575940639201443,True
720575940639205208,True
720575940639209149,True
720575940639214655,True
720575940639220541,True
720575940639225397,True
720575940639230948,True
720575940639236836,True
720575940639243573,True
720575940639249222,True
720575940639253813,True
720575940639265213,True
720575940639274574,True
720575940639279679,True
720575940639285493,True
720575940639291718,True
720575940639297408,True
720575940639308341,True
720575940639319622,True
720575940639329845,True
720575940639339829,True
720575940639345461,True
720575940639352134,True
720575940639357136,True
720575940639366470,True
720575940639374243,True
720575940639381838,True
720575940639385397,True
720575940639395416,True
720575940639399758,True
720575940639405683,True
720575940639409998,True
720575940639415248,True
720575940639421043,True
720575940639427637,True
720575940639434566,True
720575940639441653,True
720575940639448398,True
720575940639452750,True
720575940639458037,True
720575940639466045,True
720575940639471430,True
720575940639481021,True
720575940639486909,True
720575940639494232,True
720575940639497789,True
720575940639503448,True
720575940639508046,True
720575940639511504,True
720575940639519421,True
720575940639526901,True
720575940639534909,True
720575940639542691,True
720575940639549312,True
720575940639556467,True
720575940639564147,True
720575940639568445,True
720575940639575485,True
720575940639583285,True
720575940639591246,True
720575940639596507,True
720575940639604789,True
720575940639611381,True
720575940639618467,True
720575940639624320,True
720575940639630325,True
720575940639634304,True
720575940639644531,True
720575940639648573,True
720575940639652515,True
720575940639657013,True
720575940639661952,True
720575940639670131,True
720575940639680419,True
720575940639684413,True
720575940639686973,True
720575940639692251,True
720575940639696755,True
720575940639702094,True
720575940639710517,True
720575940639716285,True
720575940639723197,True
720575940639728984,True
720575940639736272,True
720575940639742067,True
720575940639748405,True
720575940639753013,True
720575940639757475,True
720575940639761981,True
720575940639768053,True
720575940639772787,True
720575940639777725,True
720575940639784563,True
720575940639791067,True
720575940639796643,True
720575940639802933,True
720575940639811133,True
720575940639815989,True
720575940639824693,True
720575940639828339,True
720575940639834739,True
720575940639838141,True
720575940639844696,True
720575940639851171,True
720575940639859534,True
720575940639864565,True
720575940639869501,True
720575940639878333,True
720575940639884878,True
720575940639887757,True
720575940639892568,True
720575940639900213,True
720575940639903165,True
720575940639909283,True
720575940639914045,True
720575940639921779,True
720575940639928117,True
720575940639937981,True
720575940639944155,True
720575940639949400,True
720575940639956643,True
720575940639963224,True
720575940639972174,True
720575940639975741,True
720575940639983165,True
720575940639989181,True
720575940639996275,True
720575940640001152,True
720575940640006973,True
720575940640012173,True
720575940640018365,True
720575940640023869,True
720575940640027965,True
720575940640032163,True
720575940640040270,True
720575940640047669,True
720575940640055168,True
720575940640061262,True
720575940640065744,True
720575940640073816,True
720575940640082766,True
720575940640090752,True
720575940640094542,True
720575940640101027,True
720575940640110133,True
720575940640116312,True
720575940640122240,True
720575940640129408,True
720575940640134232,True
720575940640140659,True
720575940640144462,True
720575940640148277,True
720575940640153405,True
720575940640158141,True
720575940640162237,True
720575940640168099,True
720575940640173264,True
720575940640179645,True
720575940640185934,True
720575940640193920,True
720575940640201013,True
720575940640205501,True
720575940640207669,True
720575940640213070,True
720575940640219453,True
720575940640228736,True
720575940640237219,True
720575940640245813,True
720575940640251776,True
720575940640257152,True
720575940640262645,True
720575940640265331,True
720575940640271933,True
720575940640278387,True
720575940640288078,True
720575940640292149,True
720575940640299342,True
720575940640304437,True
720575940640307827,True
720575940640313763,True
720575940640321853,True
720575940640326488,True
720575940640331581,True
720575940640339022,True
720575940640347355,True
720575940640351566,True
720575940640354101,True
720575940640358528,True
720575940640365171,True
720575940640371253,True
720575940640379470,True
720575940640384163,True
720575940640390973,True
720575940640397520,True
720575940640404877,True
720575940640410941,True
720575940640415859,True
720575940640422222,True
720575940640426403,True
720575940640433037,True
720575940640440398,True
720575940640451280,True
720575940640460496,True
720575940640469363,True
720575940640477648,True
720575940640491096,True
720575940640499315,True
720575940640506227,True
720575940640514419,True
720575940640521357,True
720575940640529752,True
720575940640536125,True
720575940640543184,True
720575940640549504,True
720575940640555635,True
720575940640562749,True
720575940640570200,True
720575940640579124,True
720575940640589683,True
720575940640597901,True
720575940640608883,True
720575940640615485,True
720575940640623011,True
720575940640628432,True
720575940640638323,True
720575940640646717,True
720575940640655779,True
720575940640667480,True
720575940640674211,True
720575940640679075,True
720575940640687861,True
720575940640696027,True
720575940640707491,True
720575940640715096,True
720575940640723619,True
720575940640733043,True
720575940640735907,True
720575940640740979,True
720575940640748195,True
720575940640751011,True
720575940640756851,True
720575940640760947,True
720575940640767859,True
720575940640773283,True
720575940640779379,True
720575940640787584,True
720575940640791504,True
720575940640802675,True
720575940640815067,True
720575940640824704,True
720575940640835672,True
720575940640841560,True
720575940640847568,True
720575940640854656,True
720575940640863360,True
720575940640868560,True
720575940640878544,True
720575940640883363,True
720575940640886872,True
720575940640894115,True
720575940640900048,True
720575940640909475,True
720575940640918179,True
720575940640932992,True
720575940640947408,True
720575940640960501,True
720575940640970997,True
720575940640991952,True
720575940640997261,True
720575940641014224,True
720575940641030016,True
720575940641045376,True
720575940641060048,True
720575940641072768,True
720575940641085312,True
720575940641104373,True
720575940641117147,True
720575940641137293,True
720575940641151284,True
720575940641167605,True
720575940641178075,True
720575940641189851,True
720575940641206005,True
720575940641223120,True
720575940641231744,True
720575940641250944,True
720575940641258448,True
720575940641272309,True
720575940641285005,True
720575940641297204,True
720575940641315024,True
720575940641329616,True
720575940641347792,True
720575940641362907,True
720575940641372112,True
720575940641387253,True
720575940641400224,True
720575940641416411,True
720575940641428365,True
720575940641443280,True
720575940641460725,True
720575940641478864,True
720575940641488592,True
720575940641498331,True
720575940641515984,True
720575940641536245,True
720575940641547483,True
720575940641560628,True
720575940641574389,True
720575940641588699,True
720575940641593589,True
720575940641608693,True
720575940641621645,True
720575940641630683,True
720575940641643483,True
720575940641656116,True
720575940641661941,True
720575940641679056,True
720575940641690331,True
720575940641702864,True
720575940641712603,True
720575940641736949,True
720575940641764552,True
720575940641782261,True
720575940641800589,True
720575940641822349,True
720575940641852405,True
720575940641884379,True
720575940641908936,True
720575940641936603,True
720575940641951989,True
720575940641968859,True
720575940641987829,True
720575940642003419,True
720575940642021773,True
720575940642035675,True
720575940642046453,True
720575940642071437,True
720575940642090400,True
720575940642108557,True
720575940642135771,True
720575940642163675,True
720575940642186971,True
720575940642201589,True
720575940642221512,True
720575940642234824,True
720575940642262157,True
720575940642272757,True
720575940642286837,True
720575940642304731,True
720575940642323597,True
720575940642335373,True
720575940642347936,True
720575940642370549,True
720575940642376352,True
720575940642385397,True
720575940642395637,True
720575940642407387,True
720575940642420128,True
720575940642428557,True
720575940642445197,True
720575940642456539,True
720575940642465499,True
720575940642478024,True
720575940642493837,True
720575940642506184,True
720575940642517284,True
720575940642534363,True
720575940642552736,True
720575940642563232,True
720575940642581704,True
720575940642602203,True
720575940642612699,True
720575940642621344,True
720575940642634532,True
720575940642652104,True
720575940642661024,True
720575940642669728,True
720575940642691744,True
720575940642717896,True
720575940642744264,True
720575940642781128,True
720575940642820119,True
720575940642851213,True
720575940642870925,True
720575940642885005,True
720575940642903918,True
720575940642926372,True
720575940642936520,True
720575940642947364,True
720575940642959895,True
720575940642987917,True
720575940643013261,True
720575940643035336,True
720575940643053620,True
720575940643075784,True
720575940643100813,True
720575940643128461,True
720575940643157796,True
720575940643177376,True
720575940643192973,True
720575940643215895,True
720575940643235232,True
720575940643255693,True
720575940643266852,True
720575940643289997,True
720575940643303309,True
720575940643321485,True
720575940643338020,True
720575940643365924,True
720575940643402912,True
720575940643418990,True
720575940643439816,True
720575940643465838,True
720575940643484104,True
720575940643504420,True
720575940643520160,True
720575940643536919,True
720575940643555016,True
720575940643576196,True
720575940643595060,True
720575940643619863,True
720575940643647028,True
720575940643671456,True
720575940643694103,True
720575940643709088,True
720575940643737367,True
720575940643749280,True
720575940643768736,True
720575940643783534,True
720575940643793431,True
720575940643802148,True
720575940643812887,True
720575940643828168,True
720575940643842976,True
720575940643855304,True
720575940643871540,True
720575940643891236,True
720575940643912608,True
720575940643931296,True
720575940643956128,True
720575940643972631,True
720575940643986592,True
720575940644013604,True
720575940644033646,True
720575940644052503,True
720575940644063944,True
720575940644074656,True
720575940644083360,True
720575940644089032,True
720575940644122903,True
720575940644132552,True
720575940644143982,True
720575940644156872,True
720575940644172232,True
720575940644183575,True
720575940644203208,True
720575940644218784,True
720575940644228040,True
720575940644245408,True
720575940644262935,True
720575940644277152,True
720575940644298184,True
720575940644309408,True
720575940644320928,True
720575940644338980,True
720575940644355351,True
720575940644363168,True
720575940644377544,True
720575940644395936,True
720575940644405870,True
720575940644422816,True
720575940644438039,True
720575940644449480,True
720575940644469102,True
720575940644479688,True
720575940644501408,True
720575940644519959,True
720575940644532590,True
720575940644542574,True
720575940644561518,True
720575940644582964,True
720575940644591668,True
720575940644598324,True
720575940644611016,True
720575940644622496,True
720575940644633123,True
720575940644644040,True
720575940644652744,True
720575940644658711,True
720575940644667246,True
720575940644677411,True
720575940644695860,True
720575940644705736,True
720575940644712096,True
720575940644723748,True
720575940644733806,True
720575940644743790,True
720575940644750615,True
720575940644757920,True
720575940644764104,True
720575940644775460,True
720575940644785352,True
720575940644801060,True
720575940644816676,True
720575940644828964,True
720575940644846615,True
720575940644868631,True
720575940644880932,True
720575940644889124,True
720575940644894408,True
720575940644907543,True
720575940644925038,True
720575940644937751,True
720575940644945608,True
720575940644953623,True
720575940644961902,True
720575940644974644,True
720575940644990244,True
720575940645007895,True
720575940645022152,True
720575940645030167,True
720575940645044936,True
720575940645056791,True
720575940645070024,True
720575940645084548,True
720575940645097838,True
720575940645103908,True
720575940645109124,True
720575940645122583,True
720575940645130775,True
720575940645142563,True
720575940645152200,True
720575940645162775,True
720575940645176087,True
720575940645187620,True
720575940645196567,True
720575940645207918,True
720575940645219892,True
720575940645237102,True
720575940645252643,True
720575940645263127,True
720575940645278756,True
720575940645301044,True
720575940645309719,True
720575940645325603,True
720575940645338660,True
720575940645360663,True
720575940645370222,True
720575940645382691,True
720575940645393774,True
720575940645404695,True
720575940645426286,True
720575940645437806,True
720575940645453348,True
720575940645466500,True
720575940645486103,True
720575940645497140,True
720575940645509668,True
720575940645526308,True
720575940645534574,True
720575940645547556,True
720575940645555747,True
720575940645570926,True
720575940645581859,True
720575940645597719,True
720575940645609764,True
720575940645619492,True
720575940645634852,True
720575940645652788,True
720575940645665156,True
720575940645678871,True
720575940645689710,True
720575940645697668,True
720575940645704228,True
720575940645713262,True
720575940645722660,True
720575940645731876,True
720575940645745188,True
720575940645760547,True
720575940645773335,True
720575940645796631,True
720575940645810455,True
720575940645824110,True
720575940645842542,True
720575940645864739,True
720575940645885219,True
720575940645909300,True
720575940645921571,True
720575940645937943,True
720575940645949294,True
720575940645965847,True
720575940645985390,True
720575940645999924,True
720575940646022254,True
720575940646041396,True
720575940646055703,True
720575940646067310,True
720575940646080803,True
720575940646092910,True
720575940646101870,True
720575940646124932,True
720575940646146083,True
720575940646165102,True
720575940646184995,True
720575940646208878,True
720575940646220340,True
720575940646241390,True
720575940646261300,True
720575940646274926,True
720575940646291822,True
720575940646317678,True
720575940646346548,True
720575940646366574,True
720575940646385518,True
720575940646408302,True
720575940646427012,True
720575940646440558,True
720575940646459188,True
720575940646479982,True
720575940646490932,True
720575940646505326,True
720575940646519150,True
720575940646528308,True
720575940646541603,True
720575940646563875,True
720575940646580788,True
720575940646596996,True
720575940646608931,True
720575940646621731,True
720575940646640931,True
720575940646655011,True
720575940646672260,True
720575940646693428,True
720575940646707076,True
720575940646748451,True
720575940646765700,True
720575940646783267,True
720575940646795299,True
720575940646821252,True
720575940646864948,True
720575940646883875,True
720575940646898723,True
720575940646921860,True
720575940646951732,True
720575940646987396,True
720575940647003171,True
720575940647028515,True
720575940647036804,True
720575940647056163,True
720575940647073315,True
720575940647086388,True
720575940647104291,True
720575940647120163,True
720575940647140916,True
720575940647154484,True
720575940647180835,True
720575940647192355,True
720575940647223331,True
720575940647252515,True
720575940647285812,True
720575940647304068,True
720575940647326755,True
720575940647336068,True
720575940647359267,True
720575940647374627,True
720575940647390340,True
720575940647413369,True
720575940647437956,True
720575940647457412,True
720575940647472260,True
720575940647516025,True
720575940647536260,True
720575940647569204,True
720575940647587124,True
720575940647617412,True
720575940647636020,True
720575940647654521,True
720575940647673721,True
720575940647688580,True
720575940647712388,True
720575940647734916,True
720575940647762484,True
720575940647797380,True
720575940647824004,True
720575940647839620,True
720575940647860532,True
720575940647894068,True
720575940647934004,True
720575940647946292,True
720575940647959428,True
720575940647973497,True
720575940648019065,True
720575940648098948,True
720575940648131460,True
720575940648180868,True
720575940648213892,True
720575940648250244,True
720575940648308868,True
720575940648342905,True
720575940648375940,True
720575940648409721,True
720575940648451193,True
720575940648480388,True
720575940648530553,True
720575940648557444,True
720575940648594297,True
720575940648636804,True
720575940648652921,True
720575940648667780,True
720575940648685444,True
720575940648731513,True
720575940648864633,True
720575940648995705,True
720575940649086329,True
720575940649203577,True
720575940649335929,True
720575940649428601,True
720575940649484153,True
720575940649577337,True
720575940649650041,True
720575940649743225,True
720575940649784697,True
720575940649813369,True
720575940649847161,True
720575940649887609,True
720575940649939065,True
720575940649977977,True
720575940650012025,True
720575940650056569,True
720575940650135417,True
720575940650178169,True
720575940650235257,True
720575940650285433,True
720575940650343926,True
720575940650416505,True
720575940650457977,True
720575940650489209,True
720575940650519542,True
720575940650554614,True
720575940650605689,True
720575940650668153,True
720575940650716793,True
720575940650751873,True
720575940650798582,True
720575940650845174,True
720575940650876150,True
720575940650901881,True
720575940650928505,True
720575940650976502,True
720575940651208694,True
720575940651341558,True
720575940651442422,True
720575940651570678,True
720575940651727094,True
720575940651833078,True
720575940651950070,True
720575940652050166,True
720575940652104694,True
720575940652190198,True
720575940652258550,True
720575940652342774,True
720575940652430582,True
720575940652504566,True
720575940652560374,True
720575940652593398,True
720575940652635126,True
720575940652674806,True
720575940652705014,True
720575940652759030,True
720575940652813217,True
720575940652861942,True
720575940652907510,True
720575940652987638,True
720575940653049078,True
720575940653091062,True
720575940653135350,True
720575940653185014,True
720575940653215222,True
720575940653269238,True
720575940653297654,True
720575940653342966,True
720575940653364726,True
720575940653412086,True
720575940653460385,True
720575940653506550,True
720575940653561078,True
720575940653577974,True
720575940653600502,True
720575940653623201,True
720575940653694881,True
720575940653770913,True
720575940653998497,True
720575940654094241,True
720575940654239905,True
720575940654396577,True
720575940654491553,True
720575940654590625,True
720575940654677665,True
720575940654758561,True
720575940654821025,True
720575940654878113,True
720575940654915489,True
720575940654958753,True
720575940655013025,True
720575940655059105,True
720575940655101857,True
720575940655132321,True
720575940655156897,True
720575940655201953,True
720575940655287201,True
720575940655345057,True
720575940655393697,True
720575940655517345,True
720575940655601313,True
720575940655639969,True
720575940655697569,True
720575940655749793,True
720575940655807905,True
720575940655844257,True
720575940655926689,True
720575940655983777,True
720575940656040865,True
720575940656063649,True
720575940656090017,True
720575940656147361,True
720575940657630337,True
720575940658276225,True
720575940658546049,True
720575940658708097,True
720575940658852481,True
720575940659001473,True
720575940659139201,True
720575940659241601,True
720575940659323521,True
720575940659429761,True
720575940659519617,True
720575940659637889,True
720575940659754625,True
720575940659819137,True
720575940659869057,True
720575940659946625,True
720575940660027009,True
720575940660082817,True
720575940660136577,True
720575940660176513,True
720575940660219521,True
720575940660259457,True
720575940660287617,True
720575940660329089,True
720575940660357249,True
720575940660410241,True
720575940660477313,True
720575940660521601,True
720575940660593537,True
720575940660655233,True
720575940660764289,True
720575940660823425,True
720575940660886401,True
720575940660956033,True
720575940661001089,True
720575940661057665,True
720575940661120385,True
720575940661147265,True
720575940661197697,True
720575940661244801,True
720575940661284993,True
720575940661319553,True
